"IDKABKOT","NAMA_KAB","est_prop","rse_prop","n","y","proporsi_R704AK2","proporsi_R704BK2","proporsi_R704CK2","proporsi_R704DK2","proporsi_R704EK2","proporsi_R704FK2","proporsi_R704GK2","proporsi_R704HK2","proporsi_R704IK2","proporsi_R704JK2","proporsi_R704KK2","proporsi_R704LK2","proporsi_R704MK2","proporsi_R705A","proporsi_R705B","proporsi_R705C","proporsi_R705D","proporsi_R705E","proporsi_R706A1","proporsi_R706A2","proporsi_R706B","proporsi_R706C","proporsi_R706D","proporsi_R805A","proporsi_R805B","proporsi_R805C","proporsi_R805D","proporsi_R805E","proporsi_R805F","proporsi_R805G","proporsi_R805H","proporsi_R805I"
"1101","SIMEULUE",0.00884432409838717,61.3445614172348,2101,25,0.0072463768115942,0,0.101449275362319,0.0072463768115942,0.528985507246377,0.0072463768115942,0.0652173913043478,0,0.072463768115942,0.260869565217391,0,0.0434782608695652,0.036231884057971,1,1,0.072463768115942,0.304347826086957,0.992753623188406,0.0797101449275362,0.108695652173913,0.0217391304347826,0.91304347826087,0.72463768115942,0.333333333333333,0.405797101449275,0.434782608695652,0.340579710144928,0.528985507246377,0.601449275362319,0.326086956521739,0.0217391304347826,0.0797101449275362
"1102","ACEH SINGKIL",0.00413232768894317,60.900906721801,2284,13,0.00840336134453781,0,0.0420168067226891,0.0588235294117647,0.285714285714286,0.0672268907563025,0.109243697478992,0.00840336134453781,0.117647058823529,0.319327731092437,0.0168067226890756,0.159663865546218,0.0840336134453782,0.991596638655462,0.983193277310924,0.0588235294117647,0.932773109243697,0.991596638655462,0.100840336134454,0.184873949579832,0.0840336134453782,0.840336134453782,0.579831932773109,0.327731092436975,0.378151260504202,0.403361344537815,0.310924369747899,0.613445378151261,0.46218487394958,0.210084033613445,0.00840336134453781,0.0672268907563025
"1103","ACEH SELATAN",0.00448573173513804,60.4259002360661,2207,11,0.00769230769230769,0,0.0692307692307692,0.0423076923076923,0.296153846153846,0.0346153846153846,0.0846153846153846,0.0384615384615385,0.130769230769231,0.230769230769231,0.0538461538461538,0.0769230769230769,0.0923076923076923,1,1,0.0923076923076923,0.392307692307692,1,0.123076923076923,0.142307692307692,0.0769230769230769,0.673076923076923,0.796153846153846,0.45,0.369230769230769,0.326923076923077,0.419230769230769,0.507692307692308,0.580769230769231,0.469230769230769,0.0423076923076923,0.0538461538461538
"1104","ACEH TENGGARA",0.00462858900867996,53.3645322663868,1954,12,0.00779220779220779,0,0.0337662337662338,0.0155844155844156,0.0623376623376623,0.0337662337662338,0.0441558441558442,0,0.106493506493506,0.306493506493506,0,0.0701298701298701,0.0337662337662338,0.992207792207792,0.981818181818182,0.0207792207792208,0.150649350649351,0.994805194805195,0.0727272727272727,0.0623376623376623,0.025974025974026,0.753246753246753,0.519480519480519,0.161038961038961,0.184415584415584,0.223376623376623,0.212987012987013,0.506493506493506,0.438961038961039,0.249350649350649,0.0155844155844156,0.0649350649350649
"1105","ACEH TIMUR",0.00766252418379419,65.8609069378595,2466,17,0.0058252427184466,0,0.0233009708737864,0.0310679611650485,0.124271844660194,0.0174757281553398,0.0446601941747573,0.0194174757281553,0.161165048543689,0.266019417475728,0.339805825242718,0.087378640776699,0.0388349514563107,0.996116504854369,0.986407766990291,0.106796116504854,0.541747572815534,0.996116504854369,0.0563106796116505,0.0660194174757282,0.0271844660194175,0.889320388349515,0.502912621359223,0.30873786407767,0.299029126213592,0.304854368932039,0.314563106796116,0.506796116504854,0.475728155339806,0.355339805825243,0.0233009708737864,0.0932038834951456
"1106","ACEH TENGAH",0.028539551393878,32.4309656506502,2010,49,0.00677966101694915,0,0.023728813559322,0.0338983050847458,0.128813559322034,0.0135593220338983,0.0610169491525424,0.00677966101694915,0.335593220338983,0.183050847457627,0.779661016949153,0.0813559322033898,0.0576271186440678,1,0.996610169491525,0.0338983050847458,0.894915254237288,1,0.0949152542372881,0.0915254237288136,0.0644067796610169,0.983050847457627,0.538983050847458,0.186440677966102,0.247457627118644,0.24406779661017,0.203389830508475,0.474576271186441,0.467796610169492,0.277966101694915,0.0101694915254237,0.0644067796610169
"1107","ACEH BARAT",0.00421055185443633,70.3381664271074,1994,14,0.0124610591900312,0,0.0311526479750779,0.00934579439252336,0.152647975077882,0.0311526479750779,0.0404984423676012,0.0155763239875389,0.0934579439252336,0.0778816199376947,0.109034267912773,0.0498442367601246,0.0311526479750779,1,0.993769470404984,0.0467289719626168,0.2398753894081,0.993769470404984,0.0716510903426791,0.0560747663551402,0.0373831775700935,0.523364485981308,0.448598130841121,0.242990654205607,0.193146417445483,0.190031152647975,0.180685358255452,0.373831775700935,0.292834890965732,0.249221183800623,0.00623052959501558,0.0654205607476635
"1108","ACEH BESAR",0.051609011065338,30.2702312532467,2657,102,0.0033167495854063,0,0.0265339966832504,0.021558872305141,0.087893864013267,0.0580431177446103,0.0679933665008292,0.00995024875621891,0.185737976782753,0.235489220563847,0.374792703150912,0.0779436152570481,0.0514096185737977,1,0.996683250414594,0.0066334991708126,0.873963515754561,1,0.114427860696517,0.135986733001658,0.054726368159204,0.729684908789386,0.711442786069652,0.162520729684909,0.14759535655058,0.203980099502488,0.250414593698176,0.447761194029851,0.507462686567164,0.376451077943615,0.0033167495854063,0.0398009950248756
"1109","PIDIE",0.0101385422467929,48.8218934833335,2446,21,0.00683994528043776,0,0.0109439124487004,0.0246238030095759,0.0957592339261286,0.0314637482900137,0.0519835841313269,0.00136798905608755,0.120383036935705,0.170998632010944,0.0287277701778386,0.0328317373461012,0.0560875512995896,1,0.998632010943912,0.0300957592339261,0.837209302325581,1,0.0615595075239398,0.0820793433652531,0.027359781121751,0.733242134062927,0.803009575923393,0.248974008207934,0.239398084815321,0.222982216142271,0.320109439124487,0.497948016415869,0.526675786593707,0.502051983584131,0.0136798905608755,0.0506155950752394
"1110","BIREUEN",0.0260503822659334,41.6553077632564,2440,50,0.00821018062397373,0,0.0229885057471264,0.00985221674876847,0.0804597701149425,0.090311986863711,0.077175697865353,0,0.185550082101806,0.566502463054187,0.00164203612479475,0.0525451559934319,0.0311986863711002,1,1,0.0394088669950739,0.756978653530378,1,0.0821018062397373,0.114942528735632,0.0476190476190476,0.845648604269294,0.656814449917898,0.282430213464696,0.316912972085386,0.28735632183908,0.318555008210181,0.58128078817734,0.627257799671593,0.417077175697865,0.0262725779967159,0.0476190476190476
"1111","ACEH UTARA",0.0068921785185052,60.5561577346149,2496,14,0.00352112676056338,0,0.0211267605633803,0.0211267605633803,0.10093896713615,0.0328638497652582,0.0422535211267606,0.0211267605633803,0.184272300469484,0.107981220657277,0.194835680751174,0.0481220657276995,0.0586854460093897,1,0.994131455399061,0.0481220657276995,0.473004694835681,0.990610328638498,0.0387323943661972,0.0575117370892019,0.0269953051643192,0.605633802816901,0.47887323943662,0.330985915492958,0.353286384976526,0.287558685446009,0.28169014084507,0.504694835680751,0.426056338028169,0.352112676056338,0.0152582159624413,0.0492957746478873
"1112","ACEH BARAT DAYA",0.00113358853299955,70.9698228847974,2212,4,0.00657894736842105,0,0.0328947368421053,0.0526315789473684,0.203947368421053,0.0131578947368421,0.118421052631579,0,0.111842105263158,0.460526315789474,0.00657894736842105,0.125,0,1,1,0.0131578947368421,0.973684210526316,1,0.144736842105263,0.190789473684211,0.0789473684210526,0.809210526315789,0.914473684210526,0.414473684210526,0.480263157894737,0.375,0.342105263157895,0.723684210526316,0.703947368421053,0.460526315789474,0.0592105263157895,0.0657894736842105
"1113","GAYO LUES",0.0177207996024102,58.068819616047,1844,31,0.0135135135135135,0,0.0405405405405405,0.0405405405405405,0.216216216216216,0.027027027027027,0.0810810810810811,0.0135135135135135,0.0878378378378378,0.824324324324324,0.277027027027027,0.0810810810810811,0.0945945945945946,1,0.952702702702703,0.344594594594595,0.472972972972973,1,0.135135135135135,0.128378378378378,0.0608108108108108,0.959459459459459,0.621621621621622,0.256756756756757,0.398648648648649,0.277027027027027,0.182432432432432,0.425675675675676,0.378378378378378,0.418918918918919,0.0337837837837838,0.0405405405405405
"1114","ACEH TAMIANG",0.033991301377113,32.4483153929246,2210,60,0.00925925925925926,0,0.0324074074074074,0.037037037037037,0.148148148148148,0.0509259259259259,0.0972222222222222,0.00462962962962963,0.62962962962963,0.921296296296296,0,0.12037037037037,0.0833333333333333,1,1,0.324074074074074,0.861111111111111,1,0.115740740740741,0.138888888888889,0.0555555555555556,0.976851851851852,0.75,0.384259259259259,0.365740740740741,0.259259259259259,0.537037037037037,0.763888888888889,0.759259259259259,0.430555555555556,0.0138888888888889,0.087962962962963
"1115","NAGAN RAYA",0,NA,1836,0,0.0045045045045045,0.0045045045045045,0.0540540540540541,0.045045045045045,0.234234234234234,0.0315315315315315,0.0765765765765766,0.0045045045045045,0.108108108108108,0.126126126126126,0.418918918918919,0.0900900900900901,0.0675675675675676,1,1,0.00900900900900901,0.427927927927928,1,0.0945945945945946,0.0855855855855856,0.036036036036036,0.806306306306306,0.657657657657658,0.441441441441441,0.459459459459459,0.355855855855856,0.247747747747748,0.711711711711712,0.644144144144144,0.36036036036036,0.0405405405405405,0.0585585585585586
"1116","ACEH JAYA",0.0307263250107009,44.5922225732728,1862,50,0.00581395348837209,0,0.0523255813953488,0.0174418604651163,0.151162790697674,0.0697674418604651,0.063953488372093,0,0.0813953488372093,0.406976744186047,0.27906976744186,0.0523255813953488,0.0581395348837209,1,1,0.0174418604651163,0.959302325581395,1,0.0988372093023256,0.11046511627907,0.0523255813953488,0.808139534883721,0.604651162790698,0.215116279069767,0.209302325581395,0.133720930232558,0.337209302325581,0.569767441860465,0.604651162790698,0.331395348837209,0.0465116279069767,0.0523255813953488
"1117","BENER MERIAH",0.00427801211054119,54.7028397376189,1905,15,0.0129310344827586,0.00431034482758621,0.0258620689655172,0.021551724137931,0.103448275862069,0.021551724137931,0.0517241379310345,0.00431034482758621,0.211206896551724,0.0775862068965517,0.78448275862069,0.0862068965517241,0.021551724137931,1,0.995689655172414,0.021551724137931,0.853448275862069,1,0.0646551724137931,0.125,0.0474137931034483,0.956896551724138,0.637931034482759,0.133620689655172,0.150862068965517,0.181034482758621,0.189655172413793,0.435344827586207,0.5,0.375,0.0129310344827586,0.0301724137931034
"1118","PIDIE JAYA",0.00502722965009115,49.4450599234335,1747,11,0.0045045045045045,0,0.0225225225225225,0.0315315315315315,0.0720720720720721,0.036036036036036,0.0990990990990991,0.00900900900900901,0.144144144144144,0.490990990990991,0.247747747747748,0.0720720720720721,0.0630630630630631,1,0.990990990990991,0.175675675675676,0.657657657657658,1,0.0675675675675676,0.126126126126126,0.0855855855855856,0.905405405405405,0.869369369369369,0.328828828828829,0.369369369369369,0.27027027027027,0.288288288288288,0.621621621621622,0.63963963963964,0.40990990990991,0.0315315315315315,0.0405405405405405
"1171","BANDA ACEH",0.0357195465373492,27.8488746067186,2284,86,0.122222222222222,0.0222222222222222,0,0.122222222222222,0.255555555555556,0.444444444444444,0.644444444444444,0.0555555555555556,0.355555555555556,0.0555555555555556,0.222222222222222,0.633333333333333,0.277777777777778,1,1,0,1,1,0.7,0.788888888888889,0.444444444444444,0.866666666666667,0.922222222222222,0.488888888888889,0.155555555555556,0.2,0.388888888888889,0.7,0.644444444444444,0.622222222222222,0.0333333333333333,0.0444444444444444
"1172","SABANG",0.0118537042391291,58.3441248052289,1705,25,0.0555555555555556,0,0.277777777777778,0.0555555555555556,0.777777777777778,0.166666666666667,0.277777777777778,0,0.444444444444444,0.277777777777778,0.0555555555555556,0.5,0.111111111111111,1,1,0,1,1,0.444444444444444,0.444444444444444,0.166666666666667,0.833333333333333,0.944444444444444,0.833333333333333,0.444444444444444,0.5,0.5,0.777777777777778,0.777777777777778,0.277777777777778,0,0.111111111111111
"1173","LANGSA",0.112609802600482,18.4050359787967,2057,206,0.0454545454545455,0,0.0606060606060606,0.0303030303030303,0.106060606060606,0.196969696969697,0.333333333333333,0,0.590909090909091,0.848484848484849,0,0.303030303030303,0.106060606060606,1,0.984848484848485,0.196969696969697,0.757575757575758,1,0.333333333333333,0.363636363636364,0.196969696969697,0.954545454545455,0.939393939393939,0.454545454545455,0.348484848484849,0.333333333333333,0.606060606060606,0.757575757575758,0.818181818181818,0.606060606060606,0.0151515151515152,0.0909090909090909
"1174","LHOKSEUMAWE",0.139356391161129,15.8741587763345,2194,285,0.117647058823529,0,0,0.102941176470588,0.352941176470588,0.485294117647059,0.264705882352941,0,0.573529411764706,0.661764705882353,0.0147058823529412,0.279411764705882,0.264705882352941,1,1,0,0.823529411764706,1,0.397058823529412,0.411764705882353,0.205882352941176,0.897058823529412,0.955882352941177,0.485294117647059,0.441176470588235,0.426470588235294,0.544117647058823,0.764705882352941,0.75,0.735294117647059,0.0441176470588235,0.264705882352941
"1175","SUBULUSSALAM",0.0279899351006498,36.1216915181203,2221,45,0.0121951219512195,0,0.0121951219512195,0.0609756097560976,0,0.0365853658536585,0.109756097560976,0.0121951219512195,0.158536585365854,0.890243902439024,0.0121951219512195,0.134146341463415,0.0975609756097561,1,1,0.0487804878048781,0.768292682926829,1,0.109756097560976,0.121951219512195,0.0731707317073171,0.890243902439024,0.609756097560976,0.280487804878049,0.48780487804878,0.292682926829268,0.231707317073171,0.585365853658537,0.5,0.317073170731707,0.0121951219512195,0.024390243902439
"1201","NIAS",0.00306044848926939,95.980363050311,2449,5,0,0,0.0352941176470588,0.0352941176470588,0.152941176470588,0.00588235294117647,0.0117647058823529,0,0.0235294117647059,0.252941176470588,0,0.0176470588235294,0.0235294117647059,1,0.988235294117647,0.241176470588235,0.0882352941176471,1,0.0176470588235294,0.0235294117647059,0.00588235294117647,0.588235294117647,0.517647058823529,0.411764705882353,0.523529411764706,0.570588235294118,0.335294117647059,0.576470588235294,0.376470588235294,0.358823529411765,0.00588235294117647,0.0588235294117647
"1202","MANDAILING NATAL",0.0229934745507384,37.8866197300146,2631,49,0.00491400491400491,0,0.0122850122850123,0.058968058968059,0.135135135135135,0.0343980343980344,0.113022113022113,0,0.611793611793612,0.312039312039312,0.14987714987715,0.0663390663390663,0.0909090909090909,0.995085995085995,0.98034398034398,0.0933660933660934,0.530712530712531,0.977886977886978,0.0687960687960688,0.0982800982800983,0.0368550368550369,0.899262899262899,0.395577395577396,0.250614250614251,0.206388206388206,0.297297297297297,0.319410319410319,0.366093366093366,0.393120393120393,0.26044226044226,0.00982800982800983,0.0368550368550369
"1203","TAPANULI SELATAN",0.0332842187195045,37.1151716581811,2175,48,0.0120967741935484,0,0.0241935483870968,0.0524193548387097,0.213709677419355,0.032258064516129,0.0443548387096774,0,0.657258064516129,0.153225806451613,0.112903225806452,0.0403225806451613,0.0806451612903226,0.995967741935484,0.979838709677419,0.0766129032258065,0.653225806451613,0.967741935483871,0.0483870967741935,0.092741935483871,0.0201612903225806,0.935483870967742,0.415322580645161,0.254032258064516,0.245967741935484,0.358870967741935,0.395161290322581,0.459677419354839,0.5,0.245967741935484,0.00806451612903226,0.0443548387096774
"1204","TAPANULI TENGAH",0.0228207150061166,29.8040086560905,2453,65,0.00465116279069767,0,0.027906976744186,0.0930232558139535,0.344186046511628,0.0697674418604651,0.125581395348837,0,0.581395348837209,0.125581395348837,0.209302325581395,0.0651162790697674,0.153488372093023,1,0.990697674418605,0.111627906976744,0.6,0.981395348837209,0.0744186046511628,0.102325581395349,0.0511627906976744,0.827906976744186,0.506976744186047,0.288372093023256,0.288372093023256,0.386046511627907,0.423255813953488,0.47906976744186,0.590697674418605,0.4,0.0186046511627907,0.027906976744186
"1205","TAPANULI UTARA",0.0320327992118946,33.8052836573649,2432,56,0.00793650793650794,0,0.0396825396825397,0.0436507936507936,0.238095238095238,0.0158730158730159,0.0634920634920635,0,0.142857142857143,0.76984126984127,0.130952380952381,0.0476190476190476,0.103174603174603,1,0.984126984126984,0.0595238095238095,0.55952380952381,0.996031746031746,0.0714285714285714,0.0555555555555556,0.0317460317460317,0.948412698412698,0.404761904761905,0.285714285714286,0.313492063492063,0.329365079365079,0.365079365079365,0.436507936507937,0.670634920634921,0.424603174603175,0.0119047619047619,0.0476190476190476
"1206","TOBA",0.0405655049391894,30.4223747691977,1847,69,0.00819672131147541,0,0.0122950819672131,0.069672131147541,0.114754098360656,0.0327868852459016,0.069672131147541,0,0.184426229508197,0.795081967213115,0.0573770491803279,0.040983606557377,0.118852459016393,1,1,0.00409836065573771,0.581967213114754,1,0.10655737704918,0.0778688524590164,0.0573770491803279,0.930327868852459,0.426229508196721,0.19672131147541,0.233606557377049,0.331967213114754,0.364754098360656,0.55327868852459,0.610655737704918,0.438524590163934,0.00819672131147541,0.069672131147541
"1207","LABUHANBATU",0.0118067736428173,35.5417580270474,2335,45,0.0510204081632653,0,0.0816326530612245,0.0714285714285714,0.459183673469388,0.306122448979592,0.36734693877551,0,0.693877551020408,0.775510204081633,0.0408163265306122,0.295918367346939,0.306122448979592,0.989795918367347,0.989795918367347,0,0.326530612244898,0.979591836734694,0.285714285714286,0.326530612244898,0.204081632653061,0.938775510204082,0.673469387755102,0.397959183673469,0.285714285714286,0.36734693877551,0.448979591836735,0.387755102040816,0.469387755102041,0.326530612244898,0.0102040816326531,0.0204081632653061
"1208","ASAHAN",0.0231564575436392,25.4235043643354,2777,93,0.053921568627451,0,0.053921568627451,0.102941176470588,0.544117647058823,0.308823529411765,0.21078431372549,0,0.754901960784314,0.313725490196078,0,0.348039215686274,0.382352941176471,1,1,0.0196078431372549,0.573529411764706,1,0.191176470588235,0.21078431372549,0.0686274509803922,0.96078431372549,0.784313725490196,0.455882352941176,0.303921568627451,0.406862745098039,0.666666666666667,0.632352941176471,0.740196078431373,0.504901960784314,0.0392156862745098,0.0931372549019608
"1209","SIMALUNGUN",0.0677390915982729,22.6768305589163,2694,111,0.0121065375302663,0,0,0.113801452784504,0.368038740920097,0.121065375302663,0.0847457627118644,0,0.62227602905569,0.302663438256659,0,0.116222760290557,0.184019370460048,1,1,0.0145278450363196,0.382566585956416,0.997578692493947,0.0750605326876513,0.099273607748184,0.0411622276029056,0.910411622276029,0.547215496368039,0.39225181598063,0.280871670702179,0.416464891041162,0.474576271186441,0.593220338983051,0.699757869249395,0.37772397094431,0.00726392251815981,0.0823244552058111
"1210","DAIRI",0.0176294117411848,38.6306687367156,2086,40,0.00591715976331361,0,0.029585798816568,0.0769230769230769,0.757396449704142,0.0946745562130177,0.0650887573964497,0,0.337278106508876,0.520710059171598,0.165680473372781,0.0710059171597633,0.189349112426035,1,0.976331360946746,0.0650887573964497,0.479289940828402,1,0.0650887573964497,0.0710059171597633,0.029585798816568,0.994082840236686,0.550295857988166,0.284023668639053,0.289940828402367,0.414201183431953,0.431952662721893,0.656804733727811,0.727810650887574,0.479289940828402,0.00591715976331361,0.106508875739645
"1211","KARO",0.0302687865717995,29.3412580871237,2283,70,0.0111524163568773,0.00371747211895911,0.0223048327137546,0.0483271375464684,0.676579925650558,0.137546468401487,0.0706319702602231,0,0.24907063197026,0.553903345724907,0,0.0855018587360595,0.0706319702602231,1,0.996282527881041,0.0111524163568773,0.45724907063197,1,0.107806691449814,0.0669144981412639,0.0446096654275093,0.955390334572491,0.315985130111524,0.211895910780669,0.204460966542751,0.24907063197026,0.252788104089219,0.449814126394052,0.613382899628253,0.382899628252788,0.00743494423791822,0.0371747211895911
"1212","DELI SERDANG",0.0226534407364879,30.3682252474496,3623,95,0.0558375634517767,0.00253807106598985,0.0558375634517767,0.0380710659898477,0.279187817258883,0.322335025380711,0.230964467005076,0.0177664974619289,0.652284263959391,0.390862944162437,0.0406091370558376,0.309644670050761,0.289340101522843,1,0.99746192893401,0.0406091370558376,0.621827411167513,1,0.236040609137056,0.225888324873096,0.124365482233503,0.868020304568528,0.49492385786802,0.423857868020305,0.317258883248731,0.385786802030457,0.461928934010152,0.571065989847716,0.616751269035533,0.350253807106599,0.0126903553299492,0.0583756345177665
"1213","LANGKAT",0.0415741861100264,29.1559497275421,2768,93,0.0252707581227437,0,0.036101083032491,0.0794223826714801,0.59927797833935,0.252707581227437,0.144404332129964,0,0.870036101083033,0.498194945848375,0,0.220216606498195,0.371841155234657,1,1,0.0252707581227437,0.342960288808664,1,0.176895306859206,0.162454873646209,0.0830324909747292,0.978339350180505,0.729241877256318,0.555956678700361,0.501805054151625,0.55956678700361,0.610108303249097,0.72202166064982,0.783393501805054,0.469314079422383,0.0216606498194946,0.0722021660649819
"1214","NIAS SELATAN",0.00650586288324353,73.3608089512052,2412,13,0.00867678958785249,0,0.0151843817787419,0.0629067245119306,0.06941431670282,0.017353579175705,0.0108459869848156,0,0.0151843817787419,0.0477223427331887,0,0.017353579175705,0.0195227765726681,0.93058568329718,0.863340563991323,0.219088937093275,0.295010845986985,0.889370932754881,0.0498915401301518,0.0303687635574837,0.00650759219088937,0.683297180043384,0.609544468546638,0.362255965292842,0.505422993492408,0.425162689804772,0.281995661605206,0.438177874186551,0.329718004338395,0.238611713665944,0.00650759219088937,0.0563991323210412
"1215","HUMBANG HASUNDUTAN",0.0145577351338197,42.1770292456349,2057,30,0.00649350649350649,0,0.0194805194805195,0.0584415584415584,0.149350649350649,0.038961038961039,0.0844155844155844,0,0.220779220779221,0.909090909090909,0,0.0584415584415584,0.0779220779220779,1,0.993506493506494,0.0649350649350649,0.902597402597403,1,0.051948051948052,0.0974025974025974,0.051948051948052,0.948051948051948,0.350649350649351,0.305194805194805,0.357142857142857,0.435064935064935,0.467532467532468,0.61038961038961,0.714285714285714,0.538961038961039,0.00649350649350649,0.0714285714285714
"1216","PAKPAK BHARAT",0.0424353153421411,34.8548159925118,1995,58,0.0192307692307692,0,0.0384615384615385,0.115384615384615,0.461538461538462,0.0192307692307692,0.0384615384615385,0,0,0.884615384615385,0,0.0384615384615385,0.192307692307692,1,1,0,0.923076923076923,1,0.0769230769230769,0.115384615384615,0.0769230769230769,0.961538461538462,0.653846153846154,0.326923076923077,0.365384615384615,0.346153846153846,0.384615384615385,0.634615384615385,0.634615384615385,0.519230769230769,0,0.0576923076923077
"1217","SAMOSIR",0.0450675784977908,27.5840245593963,1964,77,0.0149253731343284,0,0.0373134328358209,0.0522388059701493,0.238805970149254,0.0373134328358209,0.082089552238806,0,0.104477611940299,0.388059701492537,0.41044776119403,0.0447761194029851,0.164179104477612,1,0.992537313432836,0.0522388059701493,0.947761194029851,1,0.0970149253731343,0.082089552238806,0.0522388059701493,0.947761194029851,0.470149253731343,0.298507462686567,0.216417910447761,0.283582089552239,0.388059701492537,0.611940298507463,0.738805970149254,0.582089552238806,0.00746268656716418,0.126865671641791
"1218","SERDANG BEDAGAI",0.0612441938999496,25.6058962858538,2599,115,0.0246913580246914,0,0.0288065843621399,0.0576131687242798,0.292181069958848,0.259259259259259,0.0946502057613169,0.00823045267489712,0.621399176954732,0.436213991769547,0,0.123456790123457,0.251028806584362,1,1,0.0246913580246914,0.465020576131687,1,0.0864197530864197,0.0699588477366255,0.0288065843621399,0.868312757201646,0.502057613168724,0.349794238683128,0.333333333333333,0.419753086419753,0.604938271604938,0.670781893004115,0.679012345679012,0.358024691358025,0.0288065843621399,0.127572016460905
"1219","BATU BARA",0.0425299514952963,24.8361981046514,2426,115,0.033112582781457,0,0.0463576158940397,0.0529801324503311,0.377483443708609,0.311258278145695,0.19205298013245,0,0.781456953642384,0.0993377483443709,0.00662251655629139,0.231788079470199,0.529801324503311,1,1,0,0.76158940397351,1,0.198675496688742,0.205298013245033,0.0860927152317881,0.933774834437086,0.748344370860927,0.496688741721854,0.423841059602649,0.443708609271523,0.662251655629139,0.741721854304636,0.80794701986755,0.456953642384106,0.033112582781457,0.125827814569536
"1220","PADANG LAWAS UTARA",0.00671593147332182,53.1018369532002,2139,16,0.00257731958762887,0,0.0077319587628866,0.038659793814433,0.0927835051546392,0.0257731958762887,0.0335051546391753,0,0.402061855670103,0.103092783505155,0.0850515463917526,0.0231958762886598,0.0360824742268041,0.940721649484536,0.755154639175258,0.208762886597938,0.268041237113402,0.873711340206186,0.0309278350515464,0.0309278350515464,0.0103092783505155,0.765463917525773,0.177835051546392,0.211340206185567,0.185567010309278,0.221649484536082,0.185567010309278,0.195876288659794,0.234536082474227,0.128865979381443,0,0.0283505154639175
"1221","PADANG LAWAS",0.0258876015905331,35.1736097974185,2130,49,0.00328947368421053,0,0.0131578947368421,0.0427631578947368,0.115131578947368,0.0263157894736842,0.0822368421052632,0,0.506578947368421,0.121710526315789,0.0723684210526316,0.0361842105263158,0.194078947368421,1,0.996710526315789,0.0394736842105263,0.578947368421053,1,0.0559210526315789,0.0756578947368421,0.0460526315789474,0.819078947368421,0.434210526315789,0.236842105263158,0.194078947368421,0.302631578947368,0.296052631578947,0.348684210526316,0.391447368421053,0.335526315789474,0.0197368421052632,0.0328947368421053
"1222","LABUHANBATU SELATAN",0.0152867444818622,37.9931993764741,2400,51,0.0555555555555556,0,0.185185185185185,0.12962962962963,0.555555555555556,0.407407407407407,0.37037037037037,0,0.851851851851852,0.537037037037037,0.111111111111111,0.296296296296296,0.555555555555556,1,1,0,0.814814814814815,1,0.259259259259259,0.388888888888889,0.222222222222222,0.981481481481482,0.87037037037037,0.462962962962963,0.388888888888889,0.388888888888889,0.518518518518518,0.518518518518518,0.648148148148148,0.222222222222222,0,0.0555555555555556
"1223","LABUHANBATU UTARA",0.0317640150706538,35.5293490588634,2316,65,0.0444444444444444,0.0111111111111111,0.1,0.1,0.677777777777778,0.277777777777778,0.244444444444444,0.0444444444444444,0.722222222222222,0.555555555555556,0.311111111111111,0.166666666666667,0.544444444444444,1,1,0.0111111111111111,0.311111111111111,0.988888888888889,0.2,0.311111111111111,0.1,0.977777777777778,0.8,0.522222222222222,0.511111111111111,0.577777777777778,0.611111111111111,0.644444444444444,0.655555555555556,0.322222222222222,0.0222222222222222,0.0666666666666667
"1224","NIAS UTARA",0.0200876086218085,43.0765208064779,2295,37,0.00884955752212389,0,0.079646017699115,0.0176991150442478,0.327433628318584,0.0176991150442478,0.0265486725663717,0,0.0353982300884956,0.469026548672566,0.0176991150442478,0.0530973451327434,0.0619469026548673,1,0.991150442477876,0.106194690265487,0.141592920353982,0.964601769911504,0.0176991150442478,0.0265486725663717,0.00884955752212389,0.831858407079646,0.769911504424779,0.566371681415929,0.628318584070796,0.646017699115044,0.36283185840708,0.584070796460177,0.628318584070796,0.47787610619469,0.00884955752212389,0.0884955752212389
"1225","NIAS BARAT",0.0147117440073866,48.3156008657198,2352,21,0.019047619047619,0,0.0476190476190476,0.0761904761904762,0.228571428571429,0.0380952380952381,0.0571428571428571,0,0.019047619047619,0.314285714285714,0,0.0476190476190476,0.123809523809524,1,0.980952380952381,0.285714285714286,0.333333333333333,1,0.0666666666666667,0.0666666666666667,0.019047619047619,0.580952380952381,0.666666666666667,0.438095238095238,0.447619047619048,0.342857142857143,0.219047619047619,0.39047619047619,0.304761904761905,0.228571428571429,0.00952380952380952,0.142857142857143
"1271","SIBOLGA",0.0660685524753096,24.0000150375264,2122,134,0.235294117647059,0,0,0.294117647058824,0.764705882352941,0.294117647058824,0.823529411764706,0,0.647058823529412,0.0588235294117647,0,0.588235294117647,0.294117647058824,1,0.941176470588235,0.0588235294117647,0.882352941176471,1,0.764705882352941,0.882352941176471,0.705882352941177,1,1,0.352941176470588,0.235294117647059,0.176470588235294,0.588235294117647,0.647058823529412,0.882352941176471,0.352941176470588,0,0.529411764705882
"1272","TANJUNGBALAI",0.0205181936560546,32.6665018788124,2011,45,0.0645161290322581,0,0.032258064516129,0.225806451612903,0.451612903225806,0.193548387096774,0.548387096774194,0,0.806451612903226,0.580645161290323,0,0.516129032258065,0.387096774193548,1,1,0,1,1,0.419354838709677,0.387096774193548,0.129032258064516,0.935483870967742,0.838709677419355,0.387096774193548,0.193548387096774,0.483870967741935,0.483870967741935,0.645161290322581,0.580645161290323,0.741935483870968,0,0.225806451612903
"1273","PEMATANGSIANTAR",0.0358790735024934,27.5494857509906,2133,79,0.150943396226415,0,0,0.358490566037736,0.150943396226415,0.320754716981132,0.660377358490566,0.0377358490566038,0.773584905660377,0.113207547169811,0,0.566037735849057,0.452830188679245,1,1,0,0.905660377358491,1,0.509433962264151,0.547169811320755,0.320754716981132,0.886792452830189,0.660377358490566,0.377358490566038,0.207547169811321,0.245283018867925,0.188679245283019,0.433962264150943,0.433962264150943,0.320754716981132,0,0.0377358490566038
"1274","TEBING TINGGI",0.0468760753841717,29.1304847160902,1854,69,0.142857142857143,0,0,0.257142857142857,0.514285714285714,0.4,0.6,0,0.771428571428571,0.942857142857143,0,0.514285714285714,0.6,1,1,0,1,1,0.457142857142857,0.542857142857143,0.342857142857143,0.942857142857143,0.885714285714286,0.628571428571429,0.485714285714286,0.428571428571429,0.771428571428571,0.828571428571429,0.971428571428571,0.742857142857143,0.0285714285714286,0.114285714285714
"1275","MEDAN",0.0475374973163075,19.5181536378054,3619,158,0.317880794701987,0.0397350993377483,0.0596026490066225,0.205298013245033,0.258278145695364,0.821192052980132,0.927152317880795,0.0397350993377483,0.695364238410596,0,0,0.887417218543046,0.52317880794702,1,1,0.00662251655629139,0.821192052980132,1,0.894039735099338,0.794701986754967,0.748344370860927,0.827814569536424,0.695364238410596,0.596026490066225,0.357615894039735,0.397350993377483,0.384105960264901,0.66887417218543,0.649006622516556,0.28476821192053,0.0198675496688742,0.132450331125828
"1276","BINJAI",0.0212481937892396,38.598281135975,1894,48,0.216216216216216,0.027027027027027,0.0540540540540541,0.162162162162162,0.486486486486487,0.540540540540541,0.702702702702703,0.027027027027027,0.756756756756757,0,0,0.783783783783784,0.540540540540541,1,0.972972972972973,0.027027027027027,0.621621621621622,1,0.648648648648649,0.594594594594595,0.459459459459459,0.918918918918919,0.756756756756757,0.486486486486487,0.459459459459459,0.540540540540541,0.540540540540541,0.594594594594595,0.756756756756757,0.567567567567568,0.027027027027027,0.162162162162162
"1277","PADANGSIDIMPUAN",0.0396836084856273,27.3509383582079,2173,89,0.0506329113924051,0,0.0253164556962025,0.10126582278481,0.392405063291139,0.113924050632911,0.455696202531646,0.0253164556962025,0.860759493670886,0.177215189873418,0,0.291139240506329,0.278481012658228,1,0.987341772151899,0.0253164556962025,0.354430379746835,1,0.316455696202532,0.417721518987342,0.164556962025316,0.936708860759494,0.708860759493671,0.417721518987342,0.177215189873418,0.40506329113924,0.341772151898734,0.493670886075949,0.759493670886076,0.531645569620253,0,0.0253164556962025
"1278","GUNUNGSITOLI",0.0183415771431425,45.4366035911467,2392,33,0.0198019801980198,0,0.0792079207920792,0,0.178217821782178,0.0495049504950495,0.108910891089109,0,0.118811881188119,0.475247524752475,0.0099009900990099,0.128712871287129,0.0396039603960396,1,1,0.138613861386139,0.762376237623762,1,0.128712871287129,0.168316831683168,0.0693069306930693,0.881188118811881,0.891089108910891,0.396039603960396,0.277227722772277,0.366336633663366,0.485148514851485,0.633663366336634,0.554455445544555,0.287128712871287,0,0.158415841584158
"1301","KEPULAUAN MENTAWAI",0.0188169737599239,45.0910023293238,1807,24,0.0232558139534884,0,0.27906976744186,0.0697674418604651,0.697674418604651,0.0465116279069767,0.116279069767442,0,0.13953488372093,0.697674418604651,0.209302325581395,0.0232558139534884,0.0930232558139535,1,1,0.0232558139534884,0.0930232558139535,1,0.255813953488372,0.232558139534884,0.209302325581395,0.976744186046512,0.976744186046512,0.581395348837209,0.604651162790698,0.674418604651163,0.372093023255814,0.604651162790698,0.488372093023256,0.255813953488372,0,0.0697674418604651
"1302","PESISIR SELATAN",0.0313808743346489,28.315529562451,2727,94,0.0164835164835165,0,0.0714285714285714,0.043956043956044,0.428571428571429,0.0274725274725275,0.208791208791209,0,0.862637362637363,0.807692307692308,0,0.181318681318681,0.214285714285714,1,1,0,0.203296703296703,1,0.148351648351648,0.192307692307692,0.115384615384615,0.994505494505495,0.906593406593407,0.598901098901099,0.642857142857143,0.675824175824176,0.71978021978022,0.818681318681319,0.840659340659341,0.604395604395604,0.032967032967033,0.104395604395604
"1303","SOLOK",0.0326897315083269,31.9835818153992,2363,82,0.0135135135135135,0,0.202702702702703,0.0540540540540541,0.77027027027027,0.0540540540540541,0.27027027027027,0,0.756756756756757,0.864864864864865,0.0405405405405405,0.189189189189189,0.189189189189189,1,1,0,0.297297297297297,1,0.0945945945945946,0.337837837837838,0.135135135135135,0.986486486486487,0.648648648648649,0.662162162162162,0.581081081081081,0.635135135135135,0.486486486486487,0.689189189189189,0.756756756756757,0.527027027027027,0,0.108108108108108
"1304","SIJUNJUNG",0.0419606911116631,25.5772518801136,2184,139,0.0161290322580645,0,0.161290322580645,0.0483870967741935,0.645161290322581,0.0483870967741935,0.225806451612903,0,0.854838709677419,0.887096774193548,0,0.209677419354839,0.193548387096774,1,1,0,0.596774193548387,1,0.209677419354839,0.290322580645161,0.17741935483871,0.983870967741935,0.774193548387097,0.661290322580645,0.790322580645161,0.661290322580645,0.725806451612903,0.854838709677419,0.854838709677419,0.629032258064516,0.0161290322580645,0.209677419354839
"1305","TANAH DATAR",0.0530438850534605,20.6955070111117,2364,142,0.0533333333333333,0,0.08,0.226666666666667,0.68,0.0533333333333333,0.36,0,0.933333333333333,0.786666666666667,0,0.226666666666667,0.306666666666667,1,1,0,0.48,1,0.16,0.333333333333333,0.186666666666667,0.973333333333333,0.666666666666667,0.6,0.573333333333333,0.653333333333333,0.76,0.826666666666667,0.88,0.693333333333333,0.0133333333333333,0.106666666666667
"1306","PADANG PARIAMAN",0.0621321093061095,22.271592147483,2498,131,0.0194174757281553,0,0.0970873786407767,0.155339805825243,0.427184466019417,0.0970873786407767,0.242718446601942,0,0.864077669902913,0.106796116504854,0.592233009708738,0.203883495145631,0.407766990291262,1,1,0.0485436893203883,0.737864077669903,1,0.174757281553398,0.242718446601942,0.106796116504854,0.990291262135922,0.631067961165049,0.699029126213592,0.524271844660194,0.631067961165049,0.689320388349515,0.699029126213592,0.844660194174757,0.669902912621359,0.0776699029126214,0.174757281553398
"1307","AGAM",0.021661456640246,34.8115706918814,2752,45,0.019047619047619,0,0.104761904761905,0.114285714285714,0.828571428571429,0.0952380952380952,0.342857142857143,0,0.771428571428571,0.323809523809524,0.323809523809524,0.314285714285714,0.266666666666667,1,0.990476190476191,0.0380952380952381,0.257142857142857,1,0.266666666666667,0.39047619047619,0.20952380952381,0.980952380952381,0.695238095238095,0.571428571428571,0.466666666666667,0.571428571428571,0.8,0.695238095238095,0.876190476190476,0.628571428571429,0.019047619047619,0.133333333333333
"1308","LIMA PULUH KOTA",0.0367086608210128,55.1094776712308,2160,59,0.0126582278481013,0,0.0632911392405063,0.215189873417722,0.746835443037975,0.0506329113924051,0.40506329113924,0,0.860759493670886,0.860759493670886,0,0.329113924050633,0.253164556962025,1,1,0,0.556962025316456,1,0.316455696202532,0.367088607594937,0.215189873417722,1,0.886075949367089,0.683544303797468,0.594936708860759,0.746835443037975,0.683544303797468,0.772151898734177,0.822784810126582,0.721518987341772,0.0126582278481013,0.177215189873418
"1309","PASAMAN",0.030082752861282,33.652349392679,2229,47,0.0483870967741935,0,0.129032258064516,0.145161290322581,0.596774193548387,0.0483870967741935,0.435483870967742,0,0.903225806451613,0,1,0.258064516129032,0.225806451612903,1,1,0.0645161290322581,0.661290322580645,1,0.32258064516129,0.387096774193548,0.193548387096774,1,0.903225806451613,0.741935483870968,0.532258064516129,0.580645161290323,0.709677419354839,0.693548387096774,0.903225806451613,0.709677419354839,0.0483870967741935,0.0806451612903226
"1310","SOLOK SELATAN",0.0211932774091718,34.5257808078345,2028,56,0.0425531914893617,0,0.106382978723404,0.0638297872340425,0.723404255319149,0.127659574468085,0.340425531914894,0,0.978723404255319,0,0.148936170212766,0.212765957446809,0.382978723404255,1,1,0,0.0212765957446809,1,0.340425531914894,0.297872340425532,0.297872340425532,1,0.765957446808511,0.765957446808511,0.638297872340426,0.702127659574468,0.659574468085106,0.723404255319149,0.829787234042553,0.553191489361702,0.0212765957446809,0.127659574468085
"1311","DHARMASRAYA",0.0800999637391498,22.2794773542622,2332,136,0.0384615384615385,0,0.115384615384615,0.173076923076923,0.576923076923077,0.269230769230769,0.538461538461538,0,0.596153846153846,0.980769230769231,0.0769230769230769,0.269230769230769,0.288461538461538,1,1,0,0.480769230769231,1,0.365384615384615,0.557692307692308,0.346153846153846,0.980769230769231,0.884615384615385,0.673076923076923,0.596153846153846,0.634615384615385,0.634615384615385,0.846153846153846,0.865384615384615,0.576923076923077,0.0576923076923077,0.173076923076923
"1312","PASAMAN BARAT",0.0289083947115768,35.3387134077416,2483,66,0.0333333333333333,0.0111111111111111,0.144444444444444,0.0777777777777778,0.344444444444444,0.122222222222222,0.511111111111111,0.0111111111111111,0.966666666666667,0.233333333333333,0.877777777777778,0.277777777777778,0.266666666666667,1,1,0,0.266666666666667,1,0.322222222222222,0.488888888888889,0.211111111111111,1,0.777777777777778,0.522222222222222,0.511111111111111,0.7,0.511111111111111,0.811111111111111,0.788888888888889,0.722222222222222,0.0333333333333333,0.133333333333333
"1371","PADANG",0.0663442011625297,18.5652525570871,3122,197,0.163461538461538,0.0576923076923077,0.00961538461538462,0.211538461538462,0.538461538461538,0.538461538461538,0.634615384615385,0.134615384615385,0.605769230769231,0.259615384615385,0,0.625,0.423076923076923,1,1,0,0.336538461538462,1,0.528846153846154,0.576923076923077,0.5,0.875,0.711538461538462,0.586538461538462,0.451923076923077,0.528846153846154,0.548076923076923,0.817307692307692,0.807692307692308,0.634615384615385,0.0288461538461538,0.115384615384615
"1372","SOLOK",0.0520637207971553,29.5511163531508,2033,84,0.384615384615385,0,0.0769230769230769,0.230769230769231,0.923076923076923,0.384615384615385,0.384615384615385,0,0.769230769230769,0.923076923076923,0,0.384615384615385,0.384615384615385,1,1,0,0.769230769230769,1,0.461538461538462,0.538461538461538,0.615384615384615,1,0.615384615384615,0.615384615384615,0.461538461538462,0.538461538461538,0.615384615384615,0.923076923076923,0.769230769230769,0.615384615384615,0,0.307692307692308
"1373","SAWAHLUNTO",0.0346124429303811,34.3933909725099,1973,83,0.027027027027027,0,0.0540540540540541,0.108108108108108,0.540540540540541,0.0810810810810811,0.216216216216216,0,0.297297297297297,0.216216216216216,0.027027027027027,0.162162162162162,0.324324324324324,1,1,0,0.918918918918919,1,0.216216216216216,0.351351351351351,0.162162162162162,0.918918918918919,0.891891891891892,0.351351351351351,0.162162162162162,0.378378378378378,0.459459459459459,0.486486486486487,0.594594594594595,0.675675675675676,0.027027027027027,0.108108108108108
"1374","PADANG PANJANG",0.0215376209321599,37.9671656040838,1897,41,0.125,0,0,0.25,0.375,0.1875,0.625,0,0.5,0.875,0,0.6875,0.25,1,1,0,1,1,0.5625,0.5625,0.5,0.9375,0.875,0.6875,0.4375,0.5625,0.4375,0.9375,1,0.6875,0,0.3125
"1375","BUKITTINGGI",0.0610686991461357,25.4071683283601,2036,108,0.208333333333333,0,0,0.291666666666667,0.416666666666667,0.291666666666667,0.75,0,0.708333333333333,1,0,0.75,0.333333333333333,1,1,0,1,1,0.791666666666667,0.666666666666667,0.5,0.833333333333333,0.958333333333333,0.666666666666667,0.416666666666667,0.291666666666667,0.25,0.833333333333333,0.875,0.708333333333333,0.0416666666666667,0.166666666666667
"1376","PAYAKUMBUH",0.0326933962384138,32.7558853332866,2061,66,0.0851063829787234,0,0,0.170212765957447,0.446808510638298,0.234042553191489,0.638297872340426,0,0.425531914893617,0.595744680851064,0,0.553191489361702,0.212765957446809,1,1,0,0.978723404255319,1,0.404255319148936,0.574468085106383,0.340425531914894,0.914893617021277,0.765957446808511,0.531914893617021,0.234042553191489,0.319148936170213,0.680851063829787,0.702127659574468,0.829787234042553,0.595744680851064,0,0.0851063829787234
"1377","PARIAMAN",0.0237931009665012,40.5787911432108,2152,51,0.0704225352112676,0,0,0.0985915492957746,0.140845070422535,0.112676056338028,0.309859154929577,0,0.605633802816901,0.76056338028169,0.0422535211267606,0.225352112676056,0.535211267605634,1,1,0,0.957746478873239,1,0.211267605633803,0.47887323943662,0.225352112676056,0.985915492957746,0.943661971830986,0.492957746478873,0.183098591549296,0.154929577464789,0.549295774647887,0.704225352112676,0.859154929577465,0.676056338028169,0.0704225352112676,0.0563380281690141
"1401","KUANTAN SINGINGI",0.0208986017479654,38.8047727289131,2114,35,0.00873362445414847,0,0.0829694323144105,0.0262008733624454,0.231441048034935,0.126637554585153,0.240174672489083,0,0.48471615720524,0.550218340611354,0,0.179039301310044,0.165938864628821,1,0.995633187772926,0.0655021834061135,0.471615720524017,1,0.152838427947598,0.253275109170306,0.109170305676856,0.934497816593886,0.650655021834061,0.358078602620087,0.353711790393013,0.489082969432314,0.454148471615721,0.541484716157205,0.563318777292576,0.445414847161572,0.00436681222707424,0.0349344978165939
"1402","INDRAGIRI HULU",0.0227200607530249,28.8159854547812,2486,74,0.0154639175257732,0,0.0670103092783505,0.0412371134020619,0.690721649484536,0.123711340206186,0.22680412371134,0.0103092783505155,0.628865979381443,0.190721649484536,0.139175257731959,0.15979381443299,0.164948453608247,1,0.994845360824742,0.0257731958762887,0.742268041237113,1,0.154639175257732,0.22680412371134,0.0927835051546392,0.969072164948454,0.587628865979381,0.422680412371134,0.345360824742268,0.43298969072165,0.427835051546392,0.469072164948454,0.572164948453608,0.417525773195876,0.0257731958762887,0.0670103092783505
"1403","INDRAGIRI HILIR",0.0346297753286078,29.5636092378561,2767,80,0.0169491525423729,0,0.110169491525424,0.0211864406779661,0.847457627118644,0.0423728813559322,0.156779661016949,0.00847457627118644,0.800847457627119,0.0550847457627119,0.0550847457627119,0.0847457627118644,0.148305084745763,1,0.991525423728814,0.0296610169491525,0.423728813559322,0.995762711864407,0.105932203389831,0.144067796610169,0.0974576271186441,0.932203389830508,0.605932203389831,0.449152542372881,0.423728813559322,0.457627118644068,0.5,0.51271186440678,0.673728813559322,0.457627118644068,0.038135593220339,0.0677966101694915
"1404","PELALAWAN",0.0177548038214487,45.3416077157495,2418,35,0.0338983050847458,0,0.0847457627118644,0.0338983050847458,0.313559322033898,0.194915254237288,0.23728813559322,0,0.644067796610169,0.677966101694915,0.0338983050847458,0.245762711864407,0.228813559322034,1,0.991525423728814,0.0338983050847458,0.271186440677966,0.991525423728814,0.169491525423729,0.245762711864407,0.076271186440678,0.966101694915254,0.415254237288136,0.415254237288136,0.457627118644068,0.567796610169492,0.38135593220339,0.525423728813559,0.686440677966102,0.398305084745763,0.0338983050847458,0.0508474576271186
"1405","SIAK",0.0167783605860171,36.3850404590097,2352,48,0.0367647058823529,0,0.0735294117647059,0.0661764705882353,0.742647058823529,0.139705882352941,0.301470588235294,0.0735294117647059,0.573529411764706,0.316176470588235,0.580882352941177,0.330882352941176,0.235294117647059,1,1,0.00735294117647059,0.264705882352941,1,0.227941176470588,0.257352941176471,0.154411764705882,0.977941176470588,0.639705882352941,0.338235294117647,0.316176470588235,0.375,0.397058823529412,0.588235294117647,0.691176470588235,0.272058823529412,0.0147058823529412,0.0588235294117647
"1406","KAMPAR",0.0407123496886882,26.4826131960199,2877,108,0.032,0,0.068,0.072,0.712,0.176,0.28,0,0.628,0.34,0.036,0.268,0.28,1,0.984,0.048,0.456,1,0.228,0.252,0.08,0.944,0.552,0.44,0.512,0.58,0.528,0.604,0.688,0.44,0.036,0.088
"1407","ROKAN HULU",0.0412467634686733,23.5787520494672,2620,104,0.0275862068965517,0.00689655172413793,0.103448275862069,0.0827586206896552,0.56551724137931,0.220689655172414,0.351724137931034,0.0275862068965517,0.937931034482759,0.420689655172414,0.0344827586206897,0.324137931034483,0.220689655172414,1,0.993103448275862,0.0275862068965517,0.413793103448276,1,0.248275862068966,0.303448275862069,0.103448275862069,1,0.758620689655172,0.496551724137931,0.531034482758621,0.593103448275862,0.517241379310345,0.572413793103448,0.689655172413793,0.331034482758621,0.0344827586206897,0.0689655172413793
"1408","BENGKALIS",0.0109584762408722,52.2995985183492,2679,25,0.0387096774193548,0,0.0580645161290323,0.0709677419354839,0.380645161290323,0.103225806451613,0.258064516129032,0,0.393548387096774,0.47741935483871,0.225806451612903,0.283870967741935,0.316129032258064,1,1,0.0645161290322581,0.625806451612903,1,0.212903225806452,0.264516129032258,0.174193548387097,0.961290322580645,0.748387096774194,0.470967741935484,0.445161290322581,0.432258064516129,0.503225806451613,0.625806451612903,0.638709677419355,0.419354838709677,0.0387096774193548,0.0967741935483871
"1409","ROKAN HILIR",0.0372954219232608,26.0940250419986,2763,92,0.0213903743315508,0,0.0802139037433155,0.053475935828877,0.443850267379679,0.149732620320856,0.294117647058824,0.0588235294117647,0.764705882352941,0.32620320855615,0.550802139037433,0.294117647058824,0.304812834224599,1,0.994652406417112,0.053475935828877,0.352941176470588,0.989304812834225,0.240641711229947,0.331550802139037,0.106951871657754,0.989304812834225,0.695187165775401,0.310160427807487,0.411764705882353,0.550802139037433,0.449197860962567,0.67379679144385,0.609625668449198,0.385026737967914,0.0053475935828877,0.0855614973262032
"1410","KEPULAUAN MERANTI",0.0314926028683556,34.365219770873,2052,66,0.0099009900990099,0,0.0693069306930693,0.0495049504950495,0.297029702970297,0.0297029702970297,0.099009900990099,0.0198019801980198,0.0891089108910891,0.534653465346535,0.207920792079208,0.108910891089109,0.099009900990099,1,1,0.0297029702970297,0.752475247524752,1,0.118811881188119,0.108910891089109,0.0792079207920792,0.900990099009901,0.366336633663366,0.465346534653465,0.396039603960396,0.544554455445545,0.504950495049505,0.633663366336634,0.673267326732673,0.356435643564356,0.0198019801980198,0.0693069306930693
"1471","PEKANBARU",0.0509051591467885,17.957737052813,3139,181,0.265060240963855,0,0.0602409638554217,0.192771084337349,0.36144578313253,0.686746987951807,0.771084337349398,0,0.72289156626506,0,0,0.771084337349398,0.602409638554217,1,0.867469879518072,0.132530120481928,0.228915662650602,0.963855421686747,0.771084337349398,0.590361445783133,0.542168674698795,0.843373493975904,0.662650602409639,0.385542168674699,0.289156626506024,0.337349397590361,0.373493975903614,0.493975903614458,0.650602409638554,0.289156626506024,0.0120481927710843,0.301204819277108
"1473","DUMAI",0.0276143376321816,32.6859769646127,2388,55,0.0833333333333333,0,0.0833333333333333,0.194444444444444,0.25,0.472222222222222,0.555555555555556,0,1,0.833333333333333,0,0.666666666666667,0.722222222222222,1,1,0.0277777777777778,0.694444444444444,1,0.527777777777778,0.527777777777778,0.388888888888889,1,0.75,0.305555555555556,0.194444444444444,0.25,0.222222222222222,0.444444444444444,0.527777777777778,0.333333333333333,0.0277777777777778,0.0555555555555556
"1501","KERINCI",0.0509347158601123,28.2970531901536,1920,88,0,0,0.0174216027874564,0.0557491289198606,0.167247386759582,0,0.174216027874564,0,0.51219512195122,0.247386759581882,0.024390243902439,0.104529616724739,0.0418118466898955,0.996515679442509,0.993031358885017,0.0278745644599303,0.571428571428571,0.996515679442509,0.118466898954704,0.198606271777003,0.0383275261324042,0.923344947735192,0.895470383275261,0.407665505226481,0.292682926829268,0.271777003484321,0.414634146341463,0.498257839721254,0.536585365853659,0.484320557491289,0.0139372822299652,0.0522648083623693
"1502","MERANGIN",0.043128285787218,26.0879978504514,2267,87,0.00930232558139535,0,0.0697674418604651,0.0558139534883721,0.376744186046512,0.0558139534883721,0.204651162790698,0,0.590697674418605,0.511627906976744,0.358139534883721,0.153488372093023,0.158139534883721,1,0.995348837209302,0.0232558139534884,0.465116279069767,1,0.148837209302326,0.172093023255814,0.0511627906976744,1,0.753488372093023,0.418604651162791,0.418604651162791,0.511627906976744,0.4,0.47906976744186,0.576744186046512,0.32093023255814,0.00465116279069767,0.0465116279069767
"1503","SAROLANGUN",0.0493750663890032,27.304321360527,2134,83,0.0126582278481013,0,0.0886075949367089,0.0126582278481013,0.284810126582278,0.0316455696202532,0.151898734177215,0,0.683544303797468,0.677215189873418,0.0506329113924051,0.158227848101266,0.0759493670886076,1,0.968354430379747,0.132911392405063,0.392405063291139,1,0.158227848101266,0.189873417721519,0.10126582278481,0.974683544303797,0.683544303797468,0.40506329113924,0.40506329113924,0.468354430379747,0.493670886075949,0.481012658227848,0.537974683544304,0.443037974683544,0.0126582278481013,0.0443037974683544
"1504","BATANG HARI",0.0328286226600904,35.662410162899,2232,51,0.0161290322580645,0,0.0645161290322581,0.0806451612903226,0.467741935483871,0.0645161290322581,0.193548387096774,0,0.540322580645161,0.580645161290323,0.169354838709677,0.137096774193548,0.120967741935484,1,1,0.0241935483870968,0.298387096774194,0.991935483870968,0.112903225806452,0.209677419354839,0.0967741935483871,0.951612903225806,0.733870967741935,0.435483870967742,0.556451612903226,0.620967741935484,0.467741935483871,0.612903225806452,0.733870967741935,0.395161290322581,0.0161290322580645,0.0725806451612903
"1505","MUARO JAMBI",0.0337749519067926,28.0884799340953,2417,70,0.0193548387096774,0,0.0516129032258065,0.0967741935483871,0.587096774193548,0,0.245161290322581,0,0.735483870967742,0.161290322580645,0.548387096774194,0.193548387096774,0.174193548387097,1,1,0.0258064516129032,0.445161290322581,1,0.135483870967742,0.167741935483871,0.0709677419354839,0.967741935483871,0.735483870967742,0.4,0.374193548387097,0.503225806451613,0.47741935483871,0.593548387096774,0.709677419354839,0.380645161290323,0.0193548387096774,0.0645161290322581
"1506","TANJUNG JABUNG TIMUR",0.0290841104618412,36.0578667368641,1956,49,0.010752688172043,0,0.10752688172043,0.0752688172043011,0.612903225806452,0,0.172043010752688,0,0.688172043010753,0.236559139784946,0.301075268817204,0.172043010752688,0.118279569892473,1,1,0.0645161290322581,0.591397849462366,1,0.150537634408602,0.21505376344086,0.0645161290322581,0.935483870967742,0.827956989247312,0.462365591397849,0.397849462365591,0.516129032258065,0.494623655913978,0.440860215053763,0.602150537634409,0.43010752688172,0.043010752688172,0.0752688172043011
"1507","TANJUNG JABUNG BARAT",0.021675356998563,46.2815190917476,2157,34,0.0149253731343284,0,0.0746268656716418,0.0447761194029851,0.522388059701492,0.0895522388059701,0.164179104477612,0,0.477611940298507,0.664179104477612,0,0.156716417910448,0.186567164179104,1,0.985074626865672,0.0223880597014925,0.634328358208955,1,0.134328358208955,0.126865671641791,0.082089552238806,0.917910447761194,0.626865671641791,0.447761194029851,0.373134328358209,0.470149253731343,0.417910447761194,0.626865671641791,0.58955223880597,0.507462686567164,0.00746268656716418,0.0522388059701493
"1508","TEBO",0.0343717728928464,33.9474721725389,2191,64,0.0155038759689922,0,0.0852713178294574,0.0697674418604651,0.27906976744186,0.0775193798449612,0.248062015503876,0,0.891472868217054,0.720930232558139,0.0465116279069767,0.271317829457364,0.232558139534884,1,1,0.0232558139534884,0.418604651162791,1,0.186046511627907,0.24031007751938,0.108527131782946,0.992248062015504,0.736434108527132,0.542635658914729,0.465116279069767,0.604651162790698,0.573643410852713,0.666666666666667,0.705426356589147,0.472868217054264,0,0.0697674418604651
"1509","BUNGO",0.0424268048180354,27.730133060406,2327,83,0.0326797385620915,0,0.0457516339869281,0.0784313725490196,0.38562091503268,0.0130718954248366,0.196078431372549,0,0.803921568627451,0.457516339869281,0.0915032679738562,0.209150326797386,0.0915032679738562,1,1,0,0.61437908496732,1,0.150326797385621,0.228758169934641,0.065359477124183,0.967320261437909,0.764705882352941,0.581699346405229,0.529411764705882,0.522875816993464,0.57516339869281,0.660130718954248,0.686274509803922,0.464052287581699,0.0196078431372549,0.0718954248366013
"1571","JAMBI",0.0276265194627778,24.4764754455438,2608,88,0.25,0,0.0588235294117647,0.235294117647059,0.485294117647059,0.367647058823529,0.705882352941177,0,0.661764705882353,0.0588235294117647,0,0.794117647058823,0.691176470588235,1,1,0,0.676470588235294,1,0.661764705882353,0.544117647058823,0.367647058823529,0.794117647058823,0.720588235294118,0.485294117647059,0.308823529411765,0.544117647058823,0.397058823529412,0.720588235294118,0.764705882352941,0.308823529411765,0.0147058823529412,0.264705882352941
"1572","SUNGAI PENUH",0.0558318226338693,27.8231761986652,1769,87,0.0434782608695652,0,0.072463768115942,0.0869565217391304,0.0434782608695652,0.0144927536231884,0.347826086956522,0,0.449275362318841,0.101449275362319,0,0.202898550724638,0.0869565217391304,1,0.985507246376812,0.0144927536231884,0.91304347826087,1,0.217391304347826,0.36231884057971,0.159420289855072,0.869565217391304,0.956521739130435,0.420289855072464,0.333333333333333,0.27536231884058,0.536231884057971,0.463768115942029,0.623188405797101,0.434782608695652,0,0.0289855072463768
"1601","OGAN KOMERING ULU",0.0148646940729036,40.9217138143979,2422,37,0.0254777070063694,0.00636942675159236,0.0382165605095541,0.0764331210191083,0.273885350318471,0.0573248407643312,0.127388535031847,0.0254777070063694,0.738853503184713,0.847133757961783,0,0.089171974522293,0.0445859872611465,1,1,0.0127388535031847,0.796178343949045,1,0.114649681528662,0.146496815286624,0.0382165605095541,0.987261146496815,0.738853503184713,0.426751592356688,0.54140127388535,0.592356687898089,0.426751592356688,0.598726114649682,0.592356687898089,0.369426751592357,0.0382165605095541,0.0828025477707006
"1602","OGAN KOMERING ILIR",0.0350855510176375,38.7047990714527,2714,69,0.00917431192660551,0,0.0611620795107034,0.0519877675840979,0.256880733944954,0.0672782874617737,0.140672782874618,0.00917431192660551,0.740061162079511,0.896024464831804,0.00611620795107034,0.110091743119266,0.0886850152905199,0.99388379204893,0.99388379204893,0.0489296636085627,0.724770642201835,0.996941896024465,0.0886850152905199,0.116207951070336,0.0458715596330275,0.960244648318043,0.691131498470948,0.46177370030581,0.382262996941896,0.470948012232416,0.467889908256881,0.532110091743119,0.590214067278288,0.403669724770642,0.0428134556574924,0.0397553516819572
"1603","MUARA ENIM",0.020806453242842,31.6530532472016,2863,65,0.0234375,0,0.046875,0.046875,0.32421875,0.0546875,0.12109375,0.01171875,0.7890625,0.96875,0,0.078125,0.078125,1,1,0.1171875,0.72265625,1,0.09765625,0.1171875,0.0703125,0.9921875,0.6640625,0.59765625,0.5703125,0.58984375,0.5546875,0.74609375,0.77734375,0.51953125,0.109375,0.08203125
"1604","LAHAT",0.0122925126487724,29.4152652936725,2470,40,0.00795755968169761,0,0.0397877984084881,0.0503978779840849,0.0954907161803713,0.0159151193633952,0.0636604774535809,0.0026525198938992,0.307692307692308,0.503978779840849,0,0.0557029177718833,0.026525198938992,1,1,0.00795755968169761,0.647214854111406,1,0.0344827586206897,0.0795755968169761,0.0185676392572944,0.793103448275862,0.6657824933687,0.40053050397878,0.488063660477454,0.411140583554377,0.347480106100796,0.50132625994695,0.594164456233422,0.416445623342175,0.0238726790450928,0.0663129973474801
"1605","MUSI RAWAS",0.00995425912249645,38.8299767029971,1877,25,0.0050251256281407,0,0.0753768844221105,0.0251256281407035,0.422110552763819,0.0653266331658292,0.160804020100503,0,0.49748743718593,0.64321608040201,0.49748743718593,0.130653266331658,0.100502512562814,1,0.994974874371859,0.130653266331658,0.597989949748744,1,0.125628140703518,0.135678391959799,0.0452261306532663,0.964824120603015,0.753768844221106,0.452261306532663,0.452261306532663,0.452261306532663,0.512562814070352,0.562814070351759,0.618090452261307,0.457286432160804,0.0201005025125628,0.0753768844221105
"1606","MUSI BANYUASIN",0.0166441742833224,44.2118696514413,2444,43,0.012396694214876,0,0.0454545454545455,0.0867768595041322,0.462809917355372,0.0537190082644628,0.152892561983471,0,0.545454545454545,0.896694214876033,0,0.107438016528926,0.0950413223140496,0.995867768595041,0.995867768595041,0.0330578512396694,0.512396694214876,0.995867768595041,0.111570247933884,0.190082644628099,0.0537190082644628,0.983471074380165,0.694214876033058,0.607438016528926,0.479338842975207,0.524793388429752,0.528925619834711,0.702479338842975,0.669421487603306,0.442148760330579,0.0619834710743802,0.136363636363636
"1607","BANYU ASIN",0.00993311286810549,45.8117672583739,2819,34,0.0189274447949527,0,0.0378548895899054,0.0725552050473186,0.230283911671924,0.0977917981072555,0.157728706624606,0.0757097791798107,0.845425867507886,0.921135646687697,0,0.0883280757097792,0.0757097791798107,1,0.996845425867508,0.0378548895899054,0.410094637223975,1,0.1198738170347,0.123028391167192,0.0473186119873817,0.981072555205047,0.529968454258675,0.451104100946372,0.451104100946372,0.545741324921136,0.44794952681388,0.558359621451104,0.637223974763407,0.353312302839117,0.0189274447949527,0.056782334384858
"1608","OGAN KOMERING ULU SELATAN",0.0107103808248952,56.9139323284685,1924,17,0.00386100386100386,0,0.027027027027027,0.0424710424710425,0.111969111969112,0.0231660231660232,0.0733590733590734,0.0231660231660232,0.799227799227799,0.888030888030888,0,0.0501930501930502,0.0540540540540541,1,1,0.0888030888030888,0.598455598455598,1,0.0386100386100386,0.0540540540540541,0.027027027027027,0.984555984555985,0.478764478764479,0.397683397683398,0.50965250965251,0.501930501930502,0.324324324324324,0.447876447876448,0.501930501930502,0.359073359073359,0.0231660231660232,0.0501930501930502
"1609","OGAN KOMERING ULU TIMUR",0.0449126118237018,26.751295202108,2414,100,0.0120481927710843,0,0.0331325301204819,0.0301204819277108,0.171686746987952,0.0783132530120482,0.174698795180723,0.0301204819277108,0.894578313253012,0.927710843373494,0,0.117469879518072,0.102409638554217,0.996987951807229,0.993975903614458,0.0662650602409639,0.340361445783133,0.984939759036145,0.144578313253012,0.171686746987952,0.0481927710843374,0.969879518072289,0.746987951807229,0.433734939759036,0.436746987951807,0.430722891566265,0.536144578313253,0.569277108433735,0.680722891566265,0.439759036144578,0.0451807228915663,0.0632530120481928
"1610","OGAN ILIR",0.0255860885209327,42.6485297287048,2390,44,0.012448132780083,0,0.033195020746888,0.0788381742738589,0.0622406639004149,0.020746887966805,0.0746887966804979,0.00829875518672199,0.506224066390041,0.979253112033195,0,0.0580912863070539,0.045643153526971,1,1,0.145228215767635,0.460580912863071,1,0.0539419087136929,0.0871369294605809,0.033195020746888,0.950207468879668,0.531120331950207,0.547717842323652,0.427385892116183,0.493775933609959,0.443983402489627,0.5850622406639,0.655601659751037,0.365145228215768,0.016597510373444,0.04149377593361
"1611","EMPAT LAWANG",0.00802229365726542,54.9220599064503,1838,15,0.0128205128205128,0,0.0256410256410256,0.0384615384615385,0.0705128205128205,0.0192307692307692,0.0705128205128205,0,0.673076923076923,0.153846153846154,0,0.032051282051282,0.0384615384615385,1,1,0.032051282051282,0.128205128205128,1,0.0448717948717949,0.0705128205128205,0.0256410256410256,0.801282051282051,0.673076923076923,0.506410256410256,0.673076923076923,0.391025641025641,0.294871794871795,0.596153846153846,0.538461538461538,0.564102564102564,0.0256410256410256,0.0769230769230769
"1612","PENUKAL ABAB LEMATANG ILIR",0.00788845821322121,71.0703529757857,1913,9,0.028169014084507,0,0.0563380281690141,0.0845070422535211,0.309859154929577,0.0563380281690141,0.169014084507042,0,0.76056338028169,1,0,0.112676056338028,0.0704225352112676,1,0.985915492957746,0.0985915492957746,0.76056338028169,1,0.112676056338028,0.154929577464789,0.0985915492957746,0.985915492957746,0.633802816901408,0.591549295774648,0.746478873239437,0.71830985915493,0.633802816901408,0.676056338028169,0.661971830985915,0.450704225352113,0.0845070422535211,0.0422535211267606
"1613","MUSI RAWAS UTARA",0.00169941614684081,68.347517469733,1745,8,0.0112359550561798,0,0.0786516853932584,0.0112359550561798,0.595505617977528,0.0224719101123595,0.146067415730337,0,0.415730337078652,0.359550561797753,0.764044943820225,0.0898876404494382,0.179775280898876,0.98876404494382,0.98876404494382,0.0337078651685393,0.528089887640449,0.98876404494382,0.0561797752808989,0.202247191011236,0.0337078651685393,0.98876404494382,0.831460674157303,0.471910112359551,0.48314606741573,0.651685393258427,0.51685393258427,0.449438202247191,0.51685393258427,0.438202247191011,0,0.0449438202247191
"1671","PALEMBANG",0.0369296816737578,24.3405832833312,3346,119,0.205607476635514,0.0467289719626168,0,0.364485981308411,0.476635514018692,0.551401869158878,0.88785046728972,0.158878504672897,0.766355140186916,0.0934579439252336,0,0.775700934579439,0.355140186915888,1,0.953271028037383,0.0747663551401869,0.504672897196262,1,0.616822429906542,0.607476635514019,0.439252336448598,0.85981308411215,0.570093457943925,0.691588785046729,0.467289719626168,0.579439252336449,0.485981308411215,0.672897196261682,0.766355140186916,0.514018691588785,0.0186915887850467,0.0934579439252336
"1672","PRABUMULIH",0.0603167368978924,31.8609654439632,2062,89,0.0869565217391304,0,0,0.173913043478261,0.5,0.239130434782609,0.478260869565217,0.0217391304347826,0.760869565217391,0.717391304347826,0,0.41304347826087,0.130434782608696,1,0.978260869565217,0.0217391304347826,0.934782608695652,1,0.304347826086957,0.391304347826087,0.217391304347826,1,0.673913043478261,0.58695652173913,0.521739130434783,0.347826086956522,0.239130434782609,0.608695652173913,0.58695652173913,0.608695652173913,0.0434782608695652,0.152173913043478
"1673","PAGAR ALAM",0.0113474295184723,49.0726739949021,1939,22,0.0571428571428571,0,0.114285714285714,0.114285714285714,0.371428571428571,0.171428571428571,0.228571428571429,0,0.771428571428571,0.742857142857143,0,0.342857142857143,0.114285714285714,1,1,0,0.285714285714286,0.914285714285714,0.171428571428571,0.2,0.0857142857142857,1,0.714285714285714,0.514285714285714,0.6,0.6,0.314285714285714,0.657142857142857,0.628571428571429,0.685714285714286,0.0285714285714286,0.2
"1674","LUBUKLINGGAU",0.0281856562936376,28.3601564110944,2097,62,0.0833333333333333,0.0138888888888889,0.0138888888888889,0.152777777777778,0.277777777777778,0.222222222222222,0.472222222222222,0.0416666666666667,0.75,0.513888888888889,0,0.388888888888889,0.138888888888889,1,1,0,0.805555555555556,1,0.430555555555556,0.277777777777778,0.0972222222222222,0.916666666666667,0.819444444444444,0.333333333333333,0.361111111111111,0.375,0.458333333333333,0.402777777777778,0.527777777777778,0.263888888888889,0,0.0833333333333333
"1701","BENGKULU SELATAN",0.0241407917586527,32.2632232540774,1999,55,0.0126582278481013,0,0.0316455696202532,0.0569620253164557,0.265822784810127,0.0316455696202532,0.113924050632911,0,0.278481012658228,0.411392405063291,0.0379746835443038,0.139240506329114,0.0506329113924051,1,1,0.0126582278481013,0.955696202531646,1,0.0886075949367089,0.0949367088607595,0.069620253164557,0.873417721518987,0.854430379746835,0.354430379746835,0.544303797468354,0.487341772151899,0.392405063291139,0.683544303797468,0.69620253164557,0.658227848101266,0.107594936708861,0.0949367088607595
"1702","REJANG LEBONG",0.0158374422849781,44.2560271155587,2005,33,0.0192307692307692,0,0.0705128205128205,0.0705128205128205,0.198717948717949,0.0384615384615385,0.153846153846154,0.00641025641025641,0.66025641025641,0.269230769230769,0,0.134615384615385,0.0384615384615385,1,0.993589743589744,0.0448717948717949,0.794871794871795,1,0.102564102564103,0.134615384615385,0.032051282051282,0.846153846153846,0.794871794871795,0.423076923076923,0.474358974358974,0.378205128205128,0.365384615384615,0.596153846153846,0.711538461538462,0.564102564102564,0.0384615384615385,0.0512820512820513
"1703","BENGKULU UTARA",0.0488566451318479,26.5845967168749,2117,102,0.0181818181818182,0,0.0272727272727273,0.0772727272727273,0.390909090909091,0.0272727272727273,0.145454545454545,0,0.454545454545455,0.204545454545455,0.354545454545455,0.1,0.0590909090909091,1,0.995454545454545,0.0227272727272727,0.686363636363636,0.986363636363636,0.118181818181818,0.1,0.05,0.95,0.718181818181818,0.390909090909091,0.372727272727273,0.409090909090909,0.363636363636364,0.609090909090909,0.686363636363636,0.495454545454545,0.00909090909090909,0.118181818181818
"1704","KAUR",0.0102676272165564,46.4448097989566,1961,24,0.00512820512820513,0,0.0256410256410256,0.0615384615384615,0.0974358974358974,0.0153846153846154,0.0923076923076923,0,0.235897435897436,0.0974358974358974,0.0102564102564103,0.0615384615384615,0.0205128205128205,1,1,0,0.912820512820513,0.994871794871795,0.0666666666666667,0.112820512820513,0.0256410256410256,0.702564102564103,0.548717948717949,0.353846153846154,0.374358974358974,0.323076923076923,0.312820512820513,0.487179487179487,0.553846153846154,0.405128205128205,0.0205128205128205,0.041025641025641
"1705","SELUMA",0.044720440099407,37.1240892978825,1904,54,0.00495049504950495,0,0.0198019801980198,0.0891089108910891,0.202970297029703,0.0099009900990099,0.0544554455445545,0,0.52970297029703,0.143564356435644,0.237623762376238,0.099009900990099,0.00495049504950495,1,1,0.0297029702970297,0.435643564356436,1,0.0396039603960396,0.0346534653465347,0.0148514851485149,0.811881188118812,0.485148514851485,0.465346534653465,0.50990099009901,0.391089108910891,0.51980198019802,0.554455445544555,0.628712871287129,0.495049504950495,0.0247524752475248,0.0594059405940594
"1706","MUKOMUKO",0.0371454726533135,32.6254569182146,2123,83,0.0131578947368421,0,0.0394736842105263,0.0789473684210526,0.276315789473684,0.0263157894736842,0.184210526315789,0,0.631578947368421,0.381578947368421,0.177631578947368,0.190789473684211,0.125,1,0.993421052631579,0.0789473684210526,0.598684210526316,0.986842105263158,0.138157894736842,0.157894736842105,0.0855263157894737,0.953947368421053,0.710526315789474,0.322368421052632,0.302631578947368,0.368421052631579,0.453947368421053,0.578947368421053,0.631578947368421,0.302631578947368,0.0197368421052632,0.0723684210526316
"1707","LEBONG",0.0204054279046552,35.35178985944,1798,39,0.00961538461538462,0,0.0192307692307692,0.105769230769231,0.201923076923077,0.00961538461538462,0.0961538461538462,0,0.548076923076923,0.0961538461538462,0.00961538461538462,0.134615384615385,0.0288461538461538,1,1,0,0.951923076923077,1,0.0769230769230769,0.0961538461538462,0.0288461538461538,0.75,0.730769230769231,0.432692307692308,0.461538461538462,0.384615384615385,0.451923076923077,0.490384615384615,0.663461538461538,0.432692307692308,0.0384615384615385,0.0288461538461538
"1708","KEPAHIANG",0.0644556976074504,25.3433525275759,1832,96,0.0170940170940171,0,0.0598290598290598,0.0598290598290598,0.256410256410256,0.0512820512820513,0.102564102564103,0,0.692307692307692,0.273504273504274,0,0.0512820512820513,0.0341880341880342,1,1,0.0170940170940171,0.760683760683761,0.991452991452991,0.0769230769230769,0.111111111111111,0.0427350427350427,0.829059829059829,0.709401709401709,0.316239316239316,0.495726495726496,0.427350427350427,0.273504273504274,0.623931623931624,0.658119658119658,0.512820512820513,0.0341880341880342,0.0854700854700855
"1709","BENGKULU TENGAH",0.0428171213372193,29.2489306888235,1860,70,0.00699300699300699,0,0.027972027972028,0.111888111888112,0.223776223776224,0.020979020979021,0.0699300699300699,0,0.447552447552448,0.356643356643357,0,0.0979020979020979,0.034965034965035,1,0.979020979020979,0.125874125874126,0.685314685314685,1,0.041958041958042,0.0559440559440559,0.027972027972028,0.776223776223776,0.594405594405594,0.286713286713287,0.34965034965035,0.321678321678322,0.272727272727273,0.503496503496504,0.566433566433566,0.363636363636364,0.013986013986014,0.0979020979020979
"1771","BENGKULU",0.0447297380305421,22.7796558949835,2399,114,0.104477611940299,0,0,0.298507462686567,0.656716417910448,0.358208955223881,0.582089552238806,0,0.746268656716418,0,0,0.746268656716418,0.17910447761194,1,1,0,0.626865671641791,1,0.462686567164179,0.567164179104478,0.164179104477612,0.895522388059702,0.73134328358209,0.417910447761194,0.343283582089552,0.313432835820896,0.298507462686567,0.492537313432836,0.611940298507463,0.462686567164179,0,0.208955223880597
"1801","LAMPUNG BARAT",0.0221655005266788,35.2501461989418,1875,39,0.00735294117647059,0.00735294117647059,0.110294117647059,0,0.338235294117647,0.0441176470588235,0.169117647058824,0,0.845588235294118,0.404411764705882,0,0.220588235294118,0.0294117647058824,1,1,0.0588235294117647,0.779411764705882,1,0.117647058823529,0.154411764705882,0.0367647058823529,0.948529411764706,0.676470588235294,0.213235294117647,0.330882352941176,0.352941176470588,0.294117647058824,0.5,0.477941176470588,0.264705882352941,0.0147058823529412,0.0441176470588235
"1802","TANGGAMUS",0.0217954415955259,35.0811769272668,2570,52,0.00662251655629139,0,0.0596026490066225,0.0264900662251656,0.185430463576159,0.0728476821192053,0.0960264900662252,0.00662251655629139,0.69205298013245,0.231788079470199,0,0.0993377483443709,0.0364238410596026,1,0.996688741721854,0.076158940397351,0.827814569536424,1,0.0728476821192053,0.0927152317880795,0.0198675496688742,0.857615894039735,0.52317880794702,0.437086092715232,0.549668874172185,0.529801324503311,0.493377483443709,0.685430463576159,0.73841059602649,0.413907284768212,0.033112582781457,0.0728476821192053
"1803","LAMPUNG SELATAN",0.0275641209726882,32.5360488035736,2764,71,0.0192307692307692,0.00384615384615385,0.0538461538461538,0.05,0.284615384615385,0.196153846153846,0.226923076923077,0,0.892307692307692,0.561538461538462,0,0.296153846153846,0.0961538461538462,1,1,0.00769230769230769,0.657692307692308,1,0.169230769230769,0.2,0.0384615384615385,0.946153846153846,0.692307692307692,0.557692307692308,0.580769230769231,0.6,0.576923076923077,0.661538461538462,0.719230769230769,0.4,0.0423076923076923,0.0730769230769231
"1804","LAMPUNG TIMUR",0.0479960098908999,26.3217721575829,2744,98,0.0113636363636364,0.00757575757575758,0.0643939393939394,0.0871212121212121,0.325757575757576,0.159090909090909,0.329545454545455,0.071969696969697,0.901515151515151,0.962121212121212,0,0.299242424242424,0.159090909090909,1,1,0.00757575757575758,0.818181818181818,1,0.227272727272727,0.242424242424242,0.053030303030303,0.984848484848485,0.704545454545455,0.507575757575758,0.515151515151515,0.537878787878788,0.696969696969697,0.696969696969697,0.818181818181818,0.541666666666667,0.0416666666666667,0.0946969696969697
"1805","LAMPUNG TENGAH",0.0368916003216683,24.5895077216176,2878,100,0.0191082802547771,0.00636942675159236,0.035031847133758,0.0987261146496815,0.404458598726115,0.232484076433121,0.318471337579618,0,0.920382165605096,0.563694267515924,0,0.318471337579618,0.124203821656051,1,1,0,0.687898089171974,0.996815286624204,0.238853503184713,0.25796178343949,0.0764331210191083,0.961783439490446,0.789808917197452,0.509554140127389,0.595541401273885,0.633757961783439,0.627388535031847,0.707006369426752,0.805732484076433,0.525477707006369,0.0573248407643312,0.146496815286624
"1806","LAMPUNG UTARA",0.0154251705972141,38.026967425963,2565,46,0.0202429149797571,0,0.0364372469635627,0.0890688259109312,0.396761133603239,0.0890688259109312,0.125506072874494,0.0121457489878543,0.757085020242915,0.59919028340081,0,0.137651821862348,0.0890688259109312,1,1,0.0202429149797571,0.663967611336032,1,0.0890688259109312,0.11336032388664,0.0364372469635627,0.931174089068826,0.453441295546559,0.421052631578947,0.497975708502024,0.45748987854251,0.477732793522267,0.607287449392713,0.663967611336032,0.408906882591093,0.0202429149797571,0.0728744939271255
"1807","WAY KANAN",0.0484167050696644,25.0961328513078,2311,84,0.00881057268722467,0,0.0704845814977974,0.0176211453744493,0.3215859030837,0.0881057268722467,0.185022026431718,0,0.748898678414097,0.409691629955947,0,0.136563876651982,0.101321585903084,1,0.995594713656388,0.0308370044052863,0.533039647577093,1,0.136563876651982,0.171806167400881,0.0220264317180617,0.903083700440529,0.638766519823789,0.418502202643172,0.462555066079295,0.488986784140969,0.484581497797357,0.590308370044053,0.731277533039648,0.295154185022026,0.026431718061674,0.127753303964758
"1808","TULANGBAWANG",0.0292145346029541,33.7492497247137,2330,69,0.0198675496688742,0,0.0463576158940397,0.0860927152317881,0.403973509933775,0.132450331125828,0.185430463576159,0,0.933774834437086,0.56953642384106,0.00662251655629139,0.231788079470199,0.125827814569536,1,1,0.00662251655629139,0.602649006622517,1,0.172185430463576,0.19205298013245,0.0596026490066225,0.980132450331126,0.774834437086093,0.443708609271523,0.503311258278146,0.490066225165563,0.490066225165563,0.655629139072848,0.774834437086093,0.291390728476821,0.0397350993377483,0.0662251655629139
"1809","PESAWARAN",0.0404819682295574,31.5807517376609,2259,75,0.0202702702702703,0,0.0608108108108108,0.0472972972972973,0.27027027027027,0.189189189189189,0.175675675675676,0,0.878378378378378,0.371621621621622,0,0.236486486486486,0.101351351351351,1,1,0.0202702702702703,0.581081081081081,1,0.0945945945945946,0.135135135135135,0.0135135135135135,0.952702702702703,0.614864864864865,0.472972972972973,0.513513513513513,0.587837837837838,0.594594594594595,0.662162162162162,0.763513513513513,0.452702702702703,0.0202702702702703,0.0878378378378378
"1810","PRINGSEWU",0.0436622713347413,23.17740293427,2414,93,0.0305343511450382,0.0152671755725191,0.0687022900763359,0.0381679389312977,0.259541984732824,0.206106870229008,0.244274809160305,0,0.824427480916031,0.641221374045801,0,0.282442748091603,0.0687022900763359,1,1,0.00763358778625954,0.984732824427481,1,0.236641221374046,0.175572519083969,0.0534351145038168,0.916030534351145,0.786259541984733,0.480916030534351,0.427480916030534,0.442748091603053,0.610687022900763,0.679389312977099,0.900763358778626,0.580152671755725,0,0.137404580152672
"1811","MESUJI",0.0197354369173947,36.3020546751318,1790,41,0.019047619047619,0,0.0761904761904762,0.0666666666666667,0.438095238095238,0.0571428571428571,0.19047619047619,0.019047619047619,0.904761904761905,0.39047619047619,0,0.2,0.0857142857142857,1,1,0.0285714285714286,0.838095238095238,1,0.123809523809524,0.123809523809524,0.0380952380952381,0.971428571428571,0.676190476190476,0.514285714285714,0.514285714285714,0.533333333333333,0.504761904761905,0.647619047619048,0.733333333333333,0.419047619047619,0.019047619047619,0.0571428571428571
"1812","TULANG BAWANG BARAT",0.0396083918018292,34.6627043886124,1966,54,0.0194174757281553,0.00970873786407767,0.087378640776699,0.0776699029126214,0.378640776699029,0.155339805825243,0.281553398058252,0,0.902912621359223,0.233009708737864,0,0.223300970873786,0.0776699029126214,1,1,0.029126213592233,0.601941747572815,1,0.155339805825243,0.262135922330097,0.029126213592233,0.990291262135922,0.854368932038835,0.504854368932039,0.456310679611651,0.456310679611651,0.485436893203884,0.563106796116505,0.737864077669903,0.475728155339806,0.0194174757281553,0.058252427184466
"1813","PESISIR BARAT",0.00963537515503914,61.6913035645903,2004,13,0.00826446280991736,0,0.0661157024793388,0.0330578512396694,0.214876033057851,0.0247933884297521,0.132231404958678,0.0578512396694215,0.677685950413223,0.305785123966942,0,0.148760330578512,0.0495867768595041,1,1,0,0.661157024793388,1,0.0909090909090909,0.0743801652892562,0.00826446280991736,0.884297520661157,0.479338842975207,0.347107438016529,0.586776859504132,0.504132231404959,0.471074380165289,0.454545454545455,0.487603305785124,0.338842975206612,0.00826446280991736,0.0991735537190083
"1871","BANDAR LAMPUNG",0.0607281948134782,24.7019340993922,2938,148,0.111111111111111,0.0396825396825397,0.119047619047619,0.126984126984127,0.396825396825397,0.492063492063492,0.611111111111111,0.206349206349206,0.571428571428571,1,0,0.80952380952381,0.246031746031746,1,1,0,0.936507936507937,1,0.555555555555556,0.53968253968254,0.325396825396825,0.825396825396825,0.650793650793651,0.571428571428571,0.365079365079365,0.404761904761905,0.523809523809524,0.69047619047619,0.674603174603175,0.420634920634921,0,0.142857142857143
"1872","METRO",0.0265900381792594,30.0827558985397,1982,63,0.363636363636364,0,0.0454545454545455,0.5,0.136363636363636,0.590909090909091,0.727272727272727,0,0.909090909090909,1,0,0.818181818181818,0.5,1,1,0,0.772727272727273,1,0.681818181818182,0.681818181818182,0.409090909090909,1,0.863636363636364,0.909090909090909,0.681818181818182,0.636363636363636,0.954545454545455,1,0.863636363636364,0.818181818181818,0,0.727272727272727
"1901","BANGKA",0.0294256467809173,29.9381898064658,2120,70,0.0740740740740741,0,0.0617283950617284,0.0864197530864197,0.432098765432099,0.123456790123457,0.283950617283951,0,0.493827160493827,0.827160493827161,0,0.283950617283951,0.0987654320987654,1,1,0.0123456790123457,0.839506172839506,1,0.246913580246914,0.197530864197531,0.135802469135802,0.938271604938272,0.716049382716049,0.654320987654321,0.666666666666667,0.703703703703704,0.641975308641975,0.753086419753086,0.938271604938272,0.666666666666667,0.0123456790123457,0.0740740740740741
"1902","BELITUNG",0.0248393167686827,44.9351937838846,1856,33,0.0612244897959184,0,0.0612244897959184,0.122448979591837,0.591836734693878,0.142857142857143,0.326530612244898,0,0.469387755102041,0.877551020408163,0.0204081632653061,0.326530612244898,0.163265306122449,1,1,0,0.775510204081633,1,0.326530612244898,0.26530612244898,0.224489795918367,0.918367346938776,0.877551020408163,0.510204081632653,0.530612244897959,0.795918367346939,0.510204081632653,0.63265306122449,0.755102040816326,0.306122448979592,0.142857142857143,0.0612244897959184
"1903","BANGKA BARAT",0.0129471541340614,39.4241475873992,1957,34,0.0454545454545455,0,0.0909090909090909,0.0303030303030303,0.287878787878788,0.0454545454545455,0.212121212121212,0.0303030303030303,0.454545454545455,0.757575757575758,0,0.181818181818182,0.0757575757575758,1,1,0,0.863636363636364,0.984848484848485,0.136363636363636,0.196969696969697,0.0606060606060606,0.96969696969697,0.712121212121212,0.545454545454545,0.545454545454545,0.681818181818182,0.621212121212121,0.848484848484849,0.757575757575758,0.696969696969697,0.0303030303030303,0.151515151515152
"1904","BANGKA TENGAH",0.0270310681969649,35.1337119826369,1961,47,0.0634920634920635,0,0.0317460317460317,0.111111111111111,0.0158730158730159,0.0476190476190476,0.333333333333333,0,0.492063492063492,0.968253968253968,0,0.365079365079365,0.0952380952380952,1,1,0.0634920634920635,0.571428571428571,1,0.253968253968254,0.253968253968254,0.0476190476190476,0.968253968253968,0.793650793650794,0.507936507936508,0.523809523809524,0.619047619047619,0.53968253968254,0.793650793650794,0.80952380952381,0.634920634920635,0.0158730158730159,0.19047619047619
"1905","BANGKA SELATAN",0.00347885127483323,56.9648471447671,2002,11,0.0377358490566038,0,0.0754716981132075,0.132075471698113,0.528301886792453,0.0754716981132075,0.245283018867925,0.0188679245283019,0.60377358490566,0.792452830188679,0.0566037735849057,0.207547169811321,0.113207547169811,1,1,0,0.924528301886792,1,0.207547169811321,0.226415094339623,0.169811320754717,1,0.924528301886792,0.471698113207547,0.528301886792453,0.528301886792453,0.679245283018868,0.754716981132076,0.773584905660377,0.452830188679245,0.150943396226415,0.0943396226415094
"1906","BELITUNG TIMUR",0.00861361380458505,57.0650928327992,1802,15,0.0256410256410256,0,0.102564102564103,0.102564102564103,0.358974358974359,0.358974358974359,0.307692307692308,0,0.58974358974359,0.923076923076923,0,0.41025641025641,0.205128205128205,1,1,0,0.948717948717949,1,0.384615384615385,0.282051282051282,0.153846153846154,0.974358974358974,0.974358974358974,0.769230769230769,0.564102564102564,0.615384615384615,0.564102564102564,0.871794871794872,0.871794871794872,0.794871794871795,0.0256410256410256,0.230769230769231
"1971","PANGKALPINANG",0.0360524017893066,31.4863244850528,1964,73,0.0952380952380952,0.0714285714285714,0.0238095238095238,0.19047619047619,0.5,0.30952380952381,0.785714285714286,0.0238095238095238,0.5,0.333333333333333,0,0.785714285714286,0.357142857142857,1,1,0,0.714285714285714,1,0.666666666666667,0.5,0.357142857142857,0.785714285714286,0.547619047619048,0.428571428571429,0.547619047619048,0.476190476190476,0.547619047619048,0.857142857142857,0.928571428571429,0.785714285714286,0.0238095238095238,0.357142857142857
"2101","KARIMUN",0.027760213783554,46.6578929974257,2147,32,0.0422535211267606,0,0.0563380281690141,0.140845070422535,0.492957746478873,0.0845070422535211,0.225352112676056,0.0140845070422535,0.366197183098592,0.746478873239437,0.197183098591549,0.23943661971831,0.28169014084507,1,1,0.0140845070422535,0.563380281690141,1,0.338028169014085,0.253521126760563,0.154929577464789,0.985915492957746,0.71830985915493,0.408450704225352,0.464788732394366,0.605633802816901,0.492957746478873,0.563380281690141,0.577464788732394,0.422535211267606,0.0704225352112676,0.112676056338028
"2102","BINTAN",0.0332352791354916,32.9786181125473,2088,61,0.0392156862745098,0,0.196078431372549,0.156862745098039,0.450980392156863,0.117647058823529,0.254901960784314,0,0.352941176470588,0.137254901960784,0.862745098039216,0.176470588235294,0.0980392156862745,1,1,0.137254901960784,0.647058823529412,1,0.254901960784314,0.254901960784314,0.196078431372549,0.92156862745098,0.647058823529412,0.431372549019608,0.352941176470588,0.431372549019608,0.568627450980392,0.627450980392157,0.607843137254902,0.411764705882353,0,0.0784313725490196
"2103","NATUNA",0.00624584073737614,59.0636497075551,1874,13,0.025974025974026,0,0.12987012987013,0.0909090909090909,0.506493506493506,0.012987012987013,0.0779220779220779,0,0.103896103896104,0.207792207792208,0.194805194805195,0.0779220779220779,0.0649350649350649,1,1,0.051948051948052,0.857142857142857,1,0.12987012987013,0.168831168831169,0.0909090909090909,0.792207792207792,0.831168831168831,0.480519480519481,0.636363636363636,0.480519480519481,0.428571428571429,0.636363636363636,0.649350649350649,0.324675324675325,0.012987012987013,0.0909090909090909
"2104","LINGGA",0.00535991433553794,75.6129730371497,1741,8,0.0210526315789474,0,0.0736842105263158,0.0736842105263158,0.368421052631579,0.0105263157894737,0.0736842105263158,0,0.147368421052632,0.0421052631578947,0.726315789473684,0.0526315789473684,0.0947368421052632,1,1,0,0.663157894736842,1,0.115789473684211,0.136842105263158,0.126315789473684,0.863157894736842,0.621052631578947,0.421052631578947,0.484210526315789,0.431578947368421,0.410526315789474,0.578947368421053,0.6,0.294736842105263,0.0210526315789474,0.0315789473684211
"2105","KEPULAUAN ANAMBAS",0.00942081607861934,62.8466370697944,1932,11,0.0555555555555556,0,0.111111111111111,0.0925925925925926,0.814814814814815,0.037037037037037,0.111111111111111,0.037037037037037,0.0555555555555556,0.037037037037037,0.111111111111111,0.111111111111111,0.0185185185185185,1,1,0.037037037037037,0.481481481481481,1,0.203703703703704,0.222222222222222,0.166666666666667,0.703703703703704,0.907407407407407,0.462962962962963,0.574074074074074,0.37037037037037,0.481481481481481,0.666666666666667,0.592592592592593,0.425925925925926,0.037037037037037,0.12962962962963
"2171","BATAM",0.0482303914764566,20.706741590085,3038,130,0.171875,0.046875,0,0.28125,0.640625,0.625,0.59375,0.046875,0.65625,0.140625,0.21875,0.625,0.578125,1,1,0.0625,0.65625,0.96875,0.4375,0.5,0.28125,0.875,0.53125,0.421875,0.46875,0.4375,0.296875,0.59375,0.578125,0.328125,0.015625,0.15625
"2172","TANJUNG PINANG",0.023125661941681,39.4068409491277,2013,45,0.166666666666667,0,0.0555555555555556,0.388888888888889,0.444444444444444,0.833333333333333,0.777777777777778,0.0555555555555556,0.666666666666667,0.944444444444444,0.166666666666667,0.777777777777778,0.611111111111111,1,1,0,0.666666666666667,1,0.666666666666667,0.666666666666667,0.555555555555556,0.944444444444444,0.555555555555556,0.611111111111111,0.611111111111111,0.555555555555556,0.555555555555556,0.722222222222222,0.666666666666667,0.277777777777778,0.0555555555555556,0.333333333333333
"3101","KEPULAUAN SERIBU",0.0169805217985724,51.1517483911033,1776,27,0.166666666666667,0,0.333333333333333,0,0.833333333333333,0.166666666666667,0.166666666666667,0.333333333333333,0.166666666666667,0.333333333333333,0,0,0,1,1,0,0.833333333333333,1,0.666666666666667,0.666666666666667,0.333333333333333,1,1,0.833333333333333,0.5,0.5,0.833333333333333,0.833333333333333,1,0.5,0.333333333333333,0
"3171","JAKARTA SELATAN",0.0382474554780888,23.4365418555561,3744,146,0.523076923076923,0.123076923076923,0,0.153846153846154,0.907692307692308,0.953846153846154,0.907692307692308,0.261538461538462,0.707692307692308,0,0,0.953846153846154,0.784615384615385,0.969230769230769,0.969230769230769,0.0615384615384615,0.876923076923077,0.953846153846154,0.630769230769231,0.646153846153846,0.676923076923077,0.769230769230769,0.507692307692308,0.723076923076923,0.738461538461539,0.784615384615385,0.492307692307692,0.753846153846154,0.784615384615385,0.6,0.0769230769230769,0.415384615384615
"3172","JAKARTA TIMUR",0.0148701292668002,27.9932060645223,3899,66,0.446153846153846,0.0923076923076923,0,0.153846153846154,0.953846153846154,0.938461538461538,0.923076923076923,0.215384615384615,0.923076923076923,0,0,1,0.907692307692308,1,0.984615384615385,0.0615384615384615,0.861538461538462,1,0.769230769230769,0.784615384615385,0.615384615384615,1,0.738461538461539,0.846153846153846,0.8,0.738461538461539,0.661538461538462,0.830769230769231,0.784615384615385,0.6,0.0615384615384615,0.507692307692308
"3173","JAKARTA PUSAT",0.0197138310385754,33.0888199448999,2427,66,0.5,0.0681818181818182,0.0681818181818182,0.204545454545455,0.704545454545455,0.681818181818182,0.840909090909091,0,0.340909090909091,0,0,0.931818181818182,0.636363636363636,1,1,0,0.977272727272727,1,0.590909090909091,0.431818181818182,0.431818181818182,0.522727272727273,0.409090909090909,0.772727272727273,0.840909090909091,0.727272727272727,0.613636363636364,0.704545454545455,0.727272727272727,0.454545454545455,0,0.409090909090909
"3174","JAKARTA BARAT",0.032652699301593,22.0184809466976,3687,112,0.339285714285714,0.0714285714285714,0,0.142857142857143,0.857142857142857,0.910714285714286,0.964285714285714,0,0.660714285714286,0,0,1,0.910714285714286,1,0.982142857142857,0.0357142857142857,1,1,0.678571428571429,0.571428571428571,0.642857142857143,0.785714285714286,0.392857142857143,0.964285714285714,0.982142857142857,0.982142857142857,0.928571428571429,1,0.982142857142857,0.982142857142857,0,0.910714285714286
"3175","JAKARTA UTARA",0.0344643288818094,21.3768085504441,3471,132,0.516129032258065,0.032258064516129,0,0.354838709677419,0.935483870967742,1,0.967741935483871,0.0645161290322581,0.838709677419355,0,0,1,0.838709677419355,1,1,0.032258064516129,0.806451612903226,1,0.516129032258065,0.580645161290323,0.483870967741935,0.903225806451613,0.612903225806452,0.741935483870968,0.709677419354839,0.741935483870968,0.709677419354839,0.709677419354839,0.741935483870968,0.32258064516129,0.032258064516129,0.451612903225806
"3201","BOGOR",0.0360999776379363,22.3748149200936,4529,118,0.0666666666666667,0.0183908045977011,0.0873563218390805,0.186206896551724,0.250574712643678,0.450574712643678,0.636781609195402,0.154022988505747,0.951724137931034,0.0827586206896552,0.0137931034482759,0.464367816091954,0.558620689655172,1,0.993103448275862,0.0229885057471264,0.464367816091954,1,0.448275862068966,0.28735632183908,0.135632183908046,0.977011494252874,0.639080459770115,0.751724137931034,0.627586206896552,0.682758620689655,0.510344827586207,0.659770114942529,0.694252873563218,0.47816091954023,0.0367816091954023,0.0919540229885057
"3202","SUKABUMI",0.0311214365329638,26.9230726716904,3487,93,0.0181347150259067,0,0.0466321243523316,0.113989637305699,0.448186528497409,0.196891191709845,0.362694300518135,0.0181347150259067,0.955958549222798,0.406735751295337,0.0155440414507772,0.321243523316062,0.233160621761658,1,0.99740932642487,0.0207253886010363,0.378238341968912,1,0.238341968911917,0.22020725388601,0.0492227979274611,0.99740932642487,0.751295336787565,0.772020725388601,0.709844559585492,0.712435233160622,0.624352331606218,0.756476683937824,0.740932642487047,0.515544041450777,0.0259067357512953,0.0958549222797927
"3203","CIANJUR",0.018274623602206,30.650174863978,3520,58,0.0138888888888889,0,0.0583333333333333,0.0777777777777778,0.319444444444444,0.216666666666667,0.255555555555556,0.0138888888888889,0.977777777777778,0.341666666666667,0.0638888888888889,0.294444444444444,0.197222222222222,1,1,0.00277777777777778,0.219444444444444,1,0.238888888888889,0.15,0.0555555555555556,0.988888888888889,0.675,0.788888888888889,0.638888888888889,0.661111111111111,0.588888888888889,0.713888888888889,0.738888888888889,0.458333333333333,0.0277777777777778,0.0722222222222222
"3204","BANDUNG",0.0133695337518168,30.0151816748972,4026,66,0.0642857142857143,0,0.0142857142857143,0.214285714285714,0.210714285714286,0.464285714285714,0.542857142857143,0.0857142857142857,0.975,0.478571428571429,0.139285714285714,0.596428571428571,0.442857142857143,1,0.996428571428571,0.0107142857142857,0.625,1,0.475,0.332142857142857,0.160714285714286,0.985714285714286,0.839285714285714,0.867857142857143,0.825,0.828571428571429,0.667857142857143,0.896428571428571,0.832142857142857,0.667857142857143,0.0464285714285714,0.267857142857143
"3205","GARUT",0.018829131271714,33.476193339804,3887,84,0.0226244343891403,0,0.081447963800905,0.0723981900452489,0.32579185520362,0.212669683257919,0.260180995475113,0.00226244343891403,0.925339366515837,0.269230769230769,0.0769230769230769,0.341628959276018,0.203619909502262,1,0.997737556561086,0.00452488687782805,0.432126696832579,1,0.226244343891403,0.208144796380091,0.0746606334841629,0.981900452488688,0.911764705882353,0.744343891402715,0.638009049773756,0.705882352941177,0.565610859728507,0.846153846153846,0.891402714932127,0.581447963800905,0.0271493212669683,0.16289592760181
"3206","TASIKMALAYA",0.0368901674463055,26.628277930301,3052,97,0.00854700854700855,0,0.0598290598290598,0.0541310541310541,0.47008547008547,0.173789173789174,0.279202279202279,0.00284900284900285,0.908831908831909,0.202279202279202,0.279202279202279,0.307692307692308,0.128205128205128,1,0.997150997150997,0.0056980056980057,0.481481481481481,1,0.205128205128205,0.148148148148148,0.056980056980057,0.974358974358974,0.834757834757835,0.82051282051282,0.632478632478632,0.64957264957265,0.606837606837607,0.806267806267806,0.843304843304843,0.461538461538462,0.0227920227920228,0.148148148148148
"3207","CIAMIS",0.0376138124674267,22.6562935622642,3030,107,0.0226415094339623,0,0.0867924528301887,0.0528301886792453,0.347169811320755,0.19622641509434,0.294339622641509,0,0.826415094339623,0.547169811320755,0,0.332075471698113,0.181132075471698,1,1,0.00377358490566038,0.867924528301887,1,0.245283018867925,0.241509433962264,0.0566037735849057,0.950943396226415,0.905660377358491,0.758490566037736,0.607547169811321,0.633962264150943,0.60377358490566,0.818867924528302,0.894339622641509,0.554716981132075,0.0377358490566038,0.211320754716981
"3208","KUNINGAN",0.042695012417234,25.1982380150552,2726,102,0.0292553191489362,0,0.0159574468085106,0.0851063829787234,0.172872340425532,0.0984042553191489,0.234042553191489,0,0.779255319148936,0.773936170212766,0,0.263297872340426,0.271276595744681,1,1,0.00265957446808511,0.936170212765957,1,0.204787234042553,0.170212765957447,0.0664893617021277,0.914893617021277,0.800531914893617,0.609042553191489,0.446808510638298,0.550531914893617,0.558510638297872,0.736702127659574,0.86968085106383,0.601063829787234,0.103723404255319,0.125
"3209","CIREBON",0.0625910391023913,17.099845679026,3459,212,0.0283018867924528,0,0.0306603773584906,0.113207547169811,0.181603773584906,0.209905660377358,0.429245283018868,0,0.893867924528302,0.768867924528302,0,0.481132075471698,0.462264150943396,1,0.997641509433962,0.0117924528301887,0.735849056603774,1,0.334905660377358,0.299528301886792,0.0849056603773585,0.966981132075472,0.870283018867924,0.77122641509434,0.702830188679245,0.731132075471698,0.620283018867924,0.778301886792453,0.877358490566038,0.643867924528302,0.155660377358491,0.108490566037736
"3210","MAJALENGKA",0.0556645833489057,20.7236330201673,2791,135,0.0174927113702624,0,0.032069970845481,0.0641399416909621,0.204081632653061,0.154518950437318,0.26530612244898,0,0.9533527696793,0.577259475218659,0,0.34402332361516,0.352769679300292,1,1,0,0.600583090379009,1,0.224489795918367,0.204081632653061,0.0728862973760933,0.973760932944606,0.85131195335277,0.696793002915452,0.56268221574344,0.626822157434402,0.583090379008746,0.760932944606414,0.871720116618076,0.600583090379009,0.0408163265306122,0.075801749271137
"3211","SUMEDANG",0.0342126892137707,26.3416093531192,2688,78,0.0144404332129964,0,0.0613718411552347,0.0649819494584837,0.234657039711191,0.194945848375451,0.277978339350181,0.0036101083032491,0.938628158844765,0.877256317689531,0,0.310469314079422,0.223826714801444,1,1,0,0.649819494584838,1,0.191335740072202,0.180505415162455,0.0505415162454874,0.971119133574007,0.888086642599278,0.700361010830325,0.548736462093863,0.67870036101083,0.577617328519856,0.826714801444043,0.902527075812274,0.574007220216607,0.036101083032491,0.115523465703971
"3212","INDRAMAYU",0.0185189556943978,29.1835778794565,2974,56,0.0410094637223975,0.00315457413249211,0.056782334384858,0.113564668769716,0.182965299684543,0.211356466876972,0.429022082018927,0.00946372239747634,0.886435331230284,0.0914826498422713,0.0157728706624606,0.413249211356467,0.728706624605678,1,1,0.00946372239747634,0.359621451104101,1,0.309148264984227,0.280757097791798,0.0914826498422713,0.958990536277603,0.826498422712934,0.779179810725552,0.747634069400631,0.71608832807571,0.605678233438486,0.741324921135647,0.813880126182965,0.410094637223975,0.082018927444795,0.0757097791798107
"3213","SUBANG",0.0188570520079356,34.1281195945886,2815,47,0.0395256916996047,0.00395256916996047,0.102766798418972,0.0711462450592885,0.1699604743083,0.41501976284585,0.466403162055336,0.0988142292490119,0.984189723320158,0.0988142292490119,0.490118577075099,0.466403162055336,0.482213438735178,1,0.99604743083004,0.0158102766798419,0.296442687747036,1,0.41501976284585,0.284584980237154,0.0671936758893281,1,0.837944664031621,0.74703557312253,0.656126482213439,0.758893280632411,0.652173913043478,0.707509881422925,0.770750988142292,0.505928853754941,0.0988142292490119,0.0869565217391304
"3214","PURWAKARTA",0.0637130978771552,20.9369938510365,2812,149,0.046875,0.00520833333333333,0.0520833333333333,0.0625,0.151041666666667,0.302083333333333,0.260416666666667,0.0104166666666667,0.953125,0.0989583333333333,0.0208333333333333,0.369791666666667,0.21875,1,1,0,0.354166666666667,1,0.255208333333333,0.229166666666667,0.0677083333333333,0.979166666666667,0.697916666666667,0.6875,0.645833333333333,0.703125,0.510416666666667,0.723958333333333,0.739583333333333,0.494791666666667,0.0625,0.09375
"3215","KARAWANG",0.0626130796998045,17.4651007154149,3488,170,0.0679611650485437,0.00647249190938511,0.119741100323625,0.087378640776699,0.16504854368932,0.533980582524272,0.40453074433657,0.0906148867313916,0.970873786407767,0.168284789644013,0.0388349514563107,0.495145631067961,0.504854368932039,1,1,0.0129449838187702,0.236245954692557,1,0.330097087378641,0.26537216828479,0.0614886731391586,0.996763754045307,0.699029126213592,0.757281553398058,0.718446601941748,0.747572815533981,0.472491909385113,0.640776699029126,0.73462783171521,0.365695792880259,0.0938511326860841,0.0938511326860841
"3216","BEKASI",0.0519181503980142,18.8402902999985,3972,175,0.229946524064171,0.0588235294117647,0.0909090909090909,0.192513368983957,0.27807486631016,0.828877005347594,0.470588235294118,0.39572192513369,0.973262032085562,0.0695187165775401,0.0588235294117647,0.572192513368984,0.72192513368984,1,0.994652406417112,0.0267379679144385,0.336898395721925,1,0.374331550802139,0.358288770053476,0.176470588235294,1,0.72192513368984,0.754010695187166,0.577540106951872,0.647058823529412,0.566844919786096,0.588235294117647,0.700534759358289,0.417112299465241,0.122994652406417,0.0962566844919786
"3217","BANDUNG BARAT",0.0240845124822564,29.8500844602505,3462,78,0.0424242424242424,0.0363636363636364,0.0606060606060606,0.145454545454545,0.339393939393939,0.375757575757576,0.406060606060606,0.0848484848484849,0.981818181818182,0.224242424242424,0.236363636363636,0.478787878787879,0.296969696969697,1,1,0,0.672727272727273,1,0.381818181818182,0.272727272727273,0.139393939393939,0.987878787878788,0.624242424242424,0.787878787878788,0.703030303030303,0.733333333333333,0.563636363636364,0.818181818181818,0.775757575757576,0.557575757575758,0.0303030303030303,0.0848484848484849
"3218","PANGANDARAN",0.0251778227547831,30.3231286590432,2152,58,0.010752688172043,0,0.118279569892473,0.043010752688172,0.354838709677419,0.236559139784946,0.290322580645161,0,0.860215053763441,0.526881720430108,0.021505376344086,0.43010752688172,0.279569892473118,1,1,0,0.462365591397849,1,0.268817204301075,0.247311827956989,0.043010752688172,0.989247311827957,0.89247311827957,0.838709677419355,0.548387096774194,0.774193548387097,0.612903225806452,0.89247311827957,0.913978494623656,0.43010752688172,0,0.0967741935483871
"3271","BOGOR",0.0476704049029869,19.6292474381515,2874,151,0.294117647058824,0.0147058823529412,0.0147058823529412,0.338235294117647,0.441176470588235,0.661764705882353,0.882352941176471,0,0.794117647058823,0,0,0.779411764705882,0.676470588235294,1,1,0,1,1,0.5,0.426470588235294,0.308823529411765,0.823529411764706,0.485294117647059,0.75,0.779411764705882,0.529411764705882,0.441176470588235,0.823529411764706,0.794117647058823,0.514705882352941,0.0294117647058824,0.279411764705882
"3272","SUKABUMI",0.0478112676057824,24.229981029999,2315,100,0.181818181818182,0,0.0303030303030303,0.424242424242424,0.545454545454545,0.393939393939394,0.696969696969697,0.0303030303030303,0.757575757575758,0,0,0.818181818181818,0.454545454545455,1,1,0,0.939393939393939,1,0.757575757575758,0.727272727272727,0.363636363636364,0.96969696969697,1,0.818181818181818,0.727272727272727,0.666666666666667,0.545454545454545,0.848484848484849,0.818181818181818,0.575757575757576,0,0.181818181818182
"3273","BANDUNG",0.043555113153318,21.6386986471911,3560,139,0.185430463576159,0.0463576158940397,0.0463576158940397,0.43046357615894,0.0198675496688742,0.80794701986755,0.887417218543046,0.258278145695364,0.80794701986755,0,0,0.933774834437086,0.549668874172185,1,1,0,0.827814569536424,0.986754966887417,0.781456953642384,0.662251655629139,0.490066225165563,0.860927152317881,0.596026490066225,0.708609271523179,0.682119205298013,0.655629139072848,0.437086092715232,0.827814569536424,0.854304635761589,0.52317880794702,0.0132450331125828,0.364238410596026
"3274","CIREBON",0.0466328120666508,22.5551815449512,1996,102,0.5,0,0,0.954545454545455,0.363636363636364,0.681818181818182,0.954545454545455,0,0.772727272727273,0,0,0.954545454545455,0.590909090909091,1,1,0,1,1,0.818181818181818,0.772727272727273,0.636363636363636,0.909090909090909,0.863636363636364,0.590909090909091,0.818181818181818,0.409090909090909,0.454545454545455,0.954545454545455,0.909090909090909,0.318181818181818,0.0454545454545455,0.681818181818182
"3275","BEKASI",0.0462214176235094,17.7850256594883,3908,184,0.5,0.0535714285714286,0.125,0.803571428571429,0.0178571428571429,0.982142857142857,0.982142857142857,0.446428571428571,0.982142857142857,0,0,1,1,1,1,0,0.75,1,0.928571428571429,0.875,0.875,1,0.892857142857143,0.821428571428571,0.660714285714286,0.589285714285714,0.464285714285714,0.875,0.75,0.178571428571429,0.0714285714285714,0.232142857142857
"3276","DEPOK",0.0474900830909909,18.2481854930634,3720,178,0.317460317460317,0,0,0.603174603174603,0.0158730158730159,0.952380952380952,0.936507936507937,0.0476190476190476,0.984126984126984,0,0,0.920634920634921,0.920634920634921,1,1,0,1,1,0.968253968253968,0.904761904761905,0.793650793650794,1,0.984126984126984,0.777777777777778,0.444444444444444,0.666666666666667,0.603174603174603,0.698412698412698,0.761904761904762,0.555555555555556,0.0952380952380952,0.0952380952380952
"3277","CIMAHI",0.0538123542977012,22.5423790589066,2621,145,0.333333333333333,0,0,0.8,0.133333333333333,0.933333333333333,1,0.0666666666666667,1,0,0,1,1,1,1,0,1,1,0.866666666666667,0.933333333333333,0.933333333333333,1,0.8,0.933333333333333,0.866666666666667,0.8,0.666666666666667,0.933333333333333,0.866666666666667,0.6,0.0666666666666667,0.333333333333333
"3278","TASIKMALAYA",0.0402160104914286,28.5192437544904,2510,80,0.130434782608696,0.0144927536231884,0.115942028985507,0.202898550724638,0.289855072463768,0.550724637681159,0.666666666666667,0,0.956521739130435,0,0,0.710144927536232,0.391304347826087,1,1,0,0.695652173913043,1,0.521739130434783,0.391304347826087,0.173913043478261,0.985507246376812,0.855072463768116,0.739130434782609,0.536231884057971,0.492753623188406,0.318840579710145,0.666666666666667,0.608695652173913,0.376811594202899,0,0.072463768115942
"3279","BANJAR",0.0195147463718349,43.585687550824,1846,30,0.16,0,0.08,0.32,0.32,0.28,0.6,0.04,0.92,0.88,0,0.68,0.28,1,1,0,0.8,1,0.6,0.4,0.24,1,0.92,0.84,0.68,0.84,0.6,0.96,0.92,0.44,0.04,0.12
"3301","CILACAP",0.0339924768280653,19.0642797057165,3414,132,0.0387323943661972,0,0.0845070422535211,0.0492957746478873,0.257042253521127,0.253521126760563,0.313380281690141,0.00352112676056338,0.922535211267606,0.679577464788732,0,0.429577464788732,0.169014084507042,1,1,0.0140845070422535,0.901408450704225,1,0.264084507042254,0.267605633802817,0.123239436619718,0.992957746478873,0.852112676056338,0.785211267605634,0.616197183098592,0.598591549295775,0.630281690140845,0.78169014084507,0.834507042253521,0.556338028169014,0.0211267605633803,0.197183098591549
"3302","BANYUMAS",0.0494060411854887,17.4507260576726,3514,185,0.0664652567975831,0,0.0453172205438066,0.0785498489425982,0.108761329305136,0.202416918429003,0.365558912386707,0,0.81570996978852,0.879154078549849,0,0.570996978851964,0.178247734138973,1,1,0,0.981873111782477,1,0.326283987915408,0.3202416918429,0.132930513595166,0.984894259818731,0.942598187311178,0.800604229607251,0.580060422960725,0.631419939577039,0.731117824773414,0.83987915407855,0.88821752265861,0.779456193353474,0.0302114803625378,0.163141993957704
"3303","PURBALINGGA",0.081635500523998,14.6946228404171,3090,244,0.0376569037656904,0,0.0460251046025105,0.0460251046025105,0.184100418410042,0.0794979079497908,0.330543933054393,0,0.761506276150628,0.841004184100418,0,0.284518828451883,0.158995815899582,1,1,0,1,1,0.213389121338912,0.267782426778243,0.0794979079497908,0.97489539748954,0.97489539748954,0.753138075313807,0.564853556485356,0.556485355648536,0.744769874476987,0.841004184100418,0.887029288702929,0.799163179916318,0.0418410041841004,0.188284518828452
"3304","BANJARNEGARA",0.0534737649113547,19.4285498066434,2905,145,0.0143884892086331,0,0.0539568345323741,0.0719424460431655,0.140287769784173,0.0503597122302158,0.201438848920863,0,0.863309352517986,0.816546762589928,0,0.219424460431655,0.0971223021582734,1,0.996402877697842,0.0251798561151079,0.953237410071942,1,0.133093525179856,0.154676258992806,0.0971223021582734,0.992805755395683,0.773381294964029,0.766187050359712,0.528776978417266,0.597122302158273,0.654676258992806,0.838129496402878,0.881294964028777,0.733812949640288,0.039568345323741,0.219424460431655
"3305","KEBUMEN",0.0569529583672632,18.1279735786358,3098,179,0.0239130434782609,0,0.0239130434782609,0.0521739130434783,0.15,0.0652173913043478,0.21304347826087,0,0.554347826086957,0.789130434782609,0,0.241304347826087,0.108695652173913,1,1,0.0108695652173913,0.956521739130435,1,0.167391304347826,0.171739130434783,0.0739130434782609,0.882608695652174,0.828260869565217,0.693478260869565,0.584782608695652,0.580434782608696,0.704347826086957,0.76304347826087,0.852173913043478,0.795652173913043,0.041304347826087,0.178260869565217
"3306","PURWOREJO",0.0385162357877274,21.5351645344666,2514,98,0.0222672064777328,0,0.0242914979757085,0.0303643724696356,0.117408906882591,0.0404858299595142,0.107287449392713,0,0.313765182186235,0.51417004048583,0,0.125506072874494,0.0708502024291498,1,0.997975708502024,0.00809716599190283,0.991902834008097,1,0.0951417004048583,0.103238866396761,0.0526315789473684,0.635627530364372,0.722672064777328,0.566801619433198,0.323886639676113,0.370445344129555,0.540485829959514,0.724696356275304,0.779352226720648,0.740890688259109,0.0121457489878543,0.163967611336032
"3307","WONOSOBO",0.0576898926874082,22.3281515345013,2812,161,0.0188679245283019,0,0.030188679245283,0.060377358490566,0.154716981132075,0.0981132075471698,0.135849056603774,0,0.577358490566038,0.781132075471698,0,0.181132075471698,0.120754716981132,1,1,0.0226415094339623,0.988679245283019,1,0.10188679245283,0.105660377358491,0.0641509433962264,0.90188679245283,0.762264150943396,0.686792452830189,0.464150943396226,0.528301886792453,0.554716981132075,0.871698113207547,0.860377358490566,0.743396226415094,0.0452830188679245,0.245283018867925
"3308","MAGELANG",0.0690635626518527,18.4600003230963,3056,168,0.0188172043010753,0,0.00537634408602151,0.0672043010752688,0.158602150537634,0.0806451612903226,0.182795698924731,0,0.836021505376344,0.752688172043011,0,0.225806451612903,0.236559139784946,1,1,0.00268817204301075,0.879032258064516,1,0.188172043010753,0.185483870967742,0.0833333333333333,0.900537634408602,0.793010752688172,0.717741935483871,0.521505376344086,0.553763440860215,0.583333333333333,0.814516129032258,0.865591397849462,0.744623655913978,0.0188172043010753,0.209677419354839
"3309","BOYOLALI",0.097327783793201,15.9980164992326,2897,242,0.0411985018726592,0,0.0449438202247191,0.052434456928839,0.123595505617978,0.108614232209738,0.243445692883895,0,0.715355805243446,0.883895131086142,0,0.333333333333333,0.325842696629214,1,1,0.00374531835205993,0.910112359550562,0.98876404494382,0.217228464419476,0.209737827715356,0.104868913857678,0.906367041198502,0.865168539325843,0.756554307116105,0.50936329588015,0.599250936329588,0.662921348314607,0.853932584269663,0.898876404494382,0.737827715355805,0.0187265917602996,0.217228464419476
"3310","KLATEN",0.0951404199955067,13.7229979940885,2959,251,0.0349127182044888,0,0.0399002493765586,0.0498753117206983,0.204488778054863,0.172069825436409,0.356608478802993,0,0.635910224438903,0.807980049875312,0,0.354114713216958,0.291770573566085,1,1,0.0423940149625935,0.922693266832918,1,0.311720698254364,0.346633416458853,0.179551122194514,0.872817955112219,0.962593516209476,0.733167082294264,0.471321695760599,0.488778054862843,0.633416458852868,0.86284289276808,0.915211970074813,0.70573566084788,0.0349127182044888,0.251870324189526
"3311","SUKOHARJO",0.0636678592161001,17.9128275265412,2684,178,0.0538922155688623,0,0.0598802395209581,0.0119760479041916,0.305389221556886,0.281437125748503,0.497005988023952,0,0.808383233532934,0.850299401197605,0,0.598802395209581,0.401197604790419,1,1,0,0.946107784431138,1,0.407185628742515,0.455089820359281,0.239520958083832,0.988023952095808,0.970059880239521,0.766467065868264,0.592814371257485,0.652694610778443,0.562874251497006,0.892215568862275,0.862275449101796,0.634730538922156,0.0419161676646707,0.269461077844311
"3312","WONOGIRI",0.071542100233603,15.4021821370684,2936,215,0.0272108843537415,0,0.0170068027210884,0.112244897959184,0.431972789115646,0.119047619047619,0.244897959183673,0,0.636054421768708,0.748299319727891,0,0.217687074829932,0.166666666666667,1,1,0.0204081632653061,0.826530612244898,1,0.210884353741497,0.139455782312925,0.0714285714285714,0.877551020408163,0.799319727891156,0.76530612244898,0.506802721088435,0.510204081632653,0.67687074829932,0.785714285714286,0.840136054421769,0.564625850340136,0.0578231292517007,0.282312925170068
"3313","KARANGANYAR",0.0402660288829529,24.5062463462548,2882,124,0.0451977401129944,0,0.096045197740113,0.0338983050847458,0.31638418079096,0.288135593220339,0.429378531073446,0,0.774011299435028,0.88135593220339,0,0.514124293785311,0.406779661016949,1,1,0.00564971751412429,0.898305084745763,0.994350282485876,0.344632768361582,0.299435028248588,0.175141242937853,0.966101694915254,0.80225988700565,0.700564971751412,0.536723163841808,0.615819209039548,0.598870056497175,0.858757062146893,0.892655367231638,0.661016949152542,0.00564971751412429,0.186440677966102
"3314","SRAGEN",0.0721815222357348,19.5013524333179,2667,161,0.0432692307692308,0,0.100961538461538,0.0192307692307692,0.235576923076923,0.322115384615385,0.3125,0,0.903846153846154,0.923076923076923,0,0.461538461538462,0.302884615384615,1,1,0.00480769230769231,0.865384615384615,1,0.245192307692308,0.264423076923077,0.0865384615384615,0.980769230769231,0.903846153846154,0.692307692307692,0.504807692307692,0.576923076923077,0.677884615384615,0.8125,0.908653846153846,0.572115384615385,0.0961538461538462,0.221153846153846
"3315","GROBOGAN",0.0356127291000115,18.0033445790157,3238,130,0.0321428571428571,0,0.0607142857142857,0.0607142857142857,0.189285714285714,0.164285714285714,0.321428571428571,0,0.939285714285714,0.757142857142857,0,0.45,0.185714285714286,1,1,0.0321428571428571,0.757142857142857,1,0.239285714285714,0.235714285714286,0.107142857142857,1,0.910714285714286,0.667857142857143,0.585714285714286,0.664285714285714,0.646428571428571,0.8,0.767857142857143,0.567857142857143,0.0571428571428571,0.178571428571429
"3316","BLORA",0.0674486963483096,20.8025140620447,2586,154,0.023728813559322,0,0.0372881355932203,0.0542372881355932,0.159322033898305,0.0915254237288136,0.172881355932203,0,0.854237288135593,0.749152542372881,0,0.189830508474576,0.183050847457627,1,1,0,0.952542372881356,1,0.142372881355932,0.138983050847458,0.0711864406779661,0.935593220338983,0.810169491525424,0.6,0.393220338983051,0.508474576271186,0.583050847457627,0.75593220338983,0.823728813559322,0.715254237288136,0.179661016949153,0.0983050847457627
"3317","REMBANG",0.0471520456803719,25.846964035121,2537,99,0.0136054421768707,0,0.0476190476190476,0.0102040816326531,0.224489795918367,0.0272108843537415,0.159863945578231,0,0.82312925170068,0.238095238095238,0,0.200680272108844,0.170068027210884,1,1,0.0170068027210884,0.965986394557823,1,0.115646258503401,0.153061224489796,0.0680272108843537,0.918367346938776,0.683673469387755,0.557823129251701,0.442176870748299,0.513605442176871,0.462585034013605,0.697278911564626,0.77891156462585,0.619047619047619,0.125850340136054,0.0850340136054422
"3318","PATI",0.0517772931965306,21.1522891824163,2786,133,0.0295566502463054,0,0.0344827586206897,0.0443349753694581,0.100985221674877,0.11576354679803,0.270935960591133,0,0.805418719211823,0.896551724137931,0,0.327586206896552,0.236453201970443,1,0.997536945812808,0.0295566502463054,0.940886699507389,1,0.184729064039409,0.241379310344828,0.0812807881773399,0.943349753694581,0.923645320197044,0.677339901477833,0.480295566502463,0.539408866995074,0.633004926108374,0.827586206896552,0.891625615763547,0.766009852216749,0.16256157635468,0.16256157635468
"3319","KUDUS",0.0714495382315204,20.7006657709478,2808,156,0.0757575757575758,0,0.0757575757575758,0.0681818181818182,0.325757575757576,0.295454545454545,0.606060606060606,0,0.840909090909091,0.75,0,0.553030303030303,0.583333333333333,1,1,0.0151515151515152,0.810606060606061,1,0.454545454545455,0.537878787878788,0.295454545454545,0.96969696969697,0.931818181818182,0.765151515151515,0.439393939393939,0.598484848484849,0.401515151515151,0.810606060606061,0.825757575757576,0.659090909090909,0.0757575757575758,0.212121212121212
"3320","JEPARA",0.0531583250683383,24.0553229388051,2958,139,0.0358974358974359,0,0.0717948717948718,0.041025641025641,0.235897435897436,0.21025641025641,0.461538461538462,0,0.933333333333333,0.887179487179487,0,0.523076923076923,0.369230769230769,1,0.994871794871795,0.0153846153846154,0.923076923076923,0.994871794871795,0.343589743589744,0.338461538461538,0.169230769230769,0.969230769230769,0.912820512820513,0.78974358974359,0.615384615384615,0.651282051282051,0.584615384615385,0.774358974358974,0.892307692307692,0.758974358974359,0.117948717948718,0.251282051282051
"3321","DEMAK",0.0438623313137941,19.6174657252918,2920,133,0.0200803212851406,0,0.0602409638554217,0.0481927710843374,0.180722891566265,0.184738955823293,0.305220883534137,0,0.943775100401606,0.815261044176707,0,0.317269076305221,0.240963855421687,1,1,0.00803212851405622,0.807228915662651,1,0.208835341365462,0.285140562248996,0.0883534136546185,0.983935742971888,0.835341365461847,0.63855421686747,0.534136546184739,0.614457831325301,0.598393574297189,0.771084337349398,0.839357429718876,0.550200803212851,0.0602409638554217,0.172690763052209
"3322","SEMARANG",0.061746902909581,17.575333986141,2988,220,0.025531914893617,0,0.0425531914893617,0.0680851063829787,0.280851063829787,0.182978723404255,0.370212765957447,0,0.931914893617021,0.774468085106383,0,0.276595744680851,0.251063829787234,1,1,0.0127659574468085,0.91063829787234,1,0.229787234042553,0.234042553191489,0.0851063829787234,0.982978723404255,0.868085106382979,0.659574468085106,0.459574468085106,0.506382978723404,0.570212765957447,0.838297872340426,0.829787234042553,0.659574468085106,0.00851063829787234,0.170212765957447
"3323","TEMANGGUNG",0.0713140910138793,15.6069228453518,2882,213,0.013840830449827,0,0.0207612456747405,0.0726643598615917,0.1280276816609,0.0484429065743945,0.186851211072664,0,0.85121107266436,0.813148788927336,0,0.186851211072664,0.155709342560554,1,1,0,0.944636678200692,1,0.134948096885813,0.169550173010381,0.103806228373702,0.927335640138408,0.716262975778547,0.588235294117647,0.394463667820069,0.470588235294118,0.581314878892734,0.743944636678201,0.85121107266436,0.761245674740484,0.027681660899654,0.13840830449827
"3324","KENDAL",0.0617677078090129,20.3732465422823,2882,164,0.020979020979021,0,0.0384615384615385,0.0699300699300699,0.167832167832168,0.167832167832168,0.255244755244755,0,0.881118881118881,0.821678321678322,0,0.293706293706294,0.255244755244755,1,1,0,0.933566433566434,1,0.241258741258741,0.216783216783217,0.0804195804195804,0.954545454545455,0.874125874125874,0.625874125874126,0.339160839160839,0.423076923076923,0.590909090909091,0.783216783216783,0.84965034965035,0.814685314685315,0.034965034965035,0.255244755244755
"3325","BATANG",0.029717439795884,20.5403171550402,2845,114,0.0120967741935484,0,0.0161290322580645,0.0685483870967742,0.157258064516129,0.0846774193548387,0.205645161290323,0,0.919354838709677,0.794354838709677,0,0.245967741935484,0.209677419354839,1,1,0.00806451612903226,0.983870967741935,1,0.149193548387097,0.153225806451613,0.0524193548387097,0.955645161290323,0.774193548387097,0.620967741935484,0.399193548387097,0.42741935483871,0.564516129032258,0.778225806451613,0.870967741935484,0.637096774193548,0.0685483870967742,0.104838709677419
"3326","PEKALONGAN",0.0372595230809176,22.1741943075894,3176,115,0.0175438596491228,0,0.0210526315789474,0.0701754385964912,0.150877192982456,0.105263157894737,0.207017543859649,0,0.771929824561403,0.578947368421053,0,0.242105263157895,0.171929824561404,1,1,0.00350877192982456,0.835087719298246,1,0.175438596491228,0.175438596491228,0.0666666666666667,0.901754385964912,0.821052631578947,0.715789473684211,0.473684210526316,0.564912280701754,0.589473684210526,0.771929824561403,0.870175438596491,0.656140350877193,0.0982456140350877,0.105263157894737
"3327","PEMALANG",0.0757567190073705,17.6273834088285,3297,226,0.0358744394618834,0,0.0358744394618834,0.0807174887892377,0.286995515695067,0.152466367713004,0.286995515695067,0,0.937219730941704,0.650224215246637,0,0.42152466367713,0.260089686098655,1,0.995515695067265,0.00448430493273543,0.79372197309417,1,0.237668161434978,0.255605381165919,0.0852017937219731,0.973094170403587,0.901345291479821,0.798206278026906,0.68609865470852,0.721973094170404,0.68609865470852,0.865470852017937,0.901345291479821,0.757847533632287,0.183856502242152,0.192825112107623
"3328","TEGAL",0.0479971220477198,19.7715118151267,3187,151,0.0383275261324042,0,0.0313588850174216,0.0696864111498258,0.205574912891986,0.167247386759582,0.310104529616725,0,0.944250871080139,0.763066202090592,0,0.466898954703833,0.303135888501742,1,1,0,0.933797909407665,1,0.268292682926829,0.261324041811847,0.0592334494773519,0.979094076655052,0.89198606271777,0.797909407665505,0.606271777003484,0.623693379790941,0.686411149825784,0.794425087108014,0.905923344947735,0.742160278745645,0.29616724738676,0.125435540069686
"3329","BREBES",0.0578032790932451,19.1314466577261,3494,182,0.0437710437710438,0,0.0774410774410774,0.0505050505050505,0.205387205387205,0.161616161616162,0.343434343434343,0,0.936026936026936,0.875420875420875,0,0.420875420875421,0.255892255892256,1,1,0.0101010101010101,0.855218855218855,1,0.265993265993266,0.282828282828283,0.0740740740740741,0.96969696969697,0.855218855218855,0.828282828282828,0.727272727272727,0.68013468013468,0.62962962962963,0.801346801346801,0.875420875420875,0.606060606060606,0.175084175084175,0.0976430976430976
"3371","MAGELANG",0.057020962625292,23.1236375764474,1671,100,0.470588235294118,0,0,0.294117647058824,0.647058823529412,0.411764705882353,0.764705882352941,0,0.294117647058824,0,0,0.764705882352941,0.588235294117647,1,1,0,0.882352941176471,1,0.882352941176471,0.941176470588235,0.470588235294118,1,1,0.823529411764706,0.117647058823529,0.0588235294117647,0.764705882352941,1,1,0.294117647058824,0,0.117647058823529
"3372","SURAKARTA",0.0785008146979436,19.3952547964707,2282,162,0.277777777777778,0,0.0925925925925926,0.222222222222222,0.388888888888889,0.777777777777778,0.925925925925926,0,0.314814814814815,0,0,0.944444444444444,0.703703703703704,1,1,0,0.981481481481482,1,0.814814814814815,0.666666666666667,0.407407407407407,0.425925925925926,0.611111111111111,0.777777777777778,0.611111111111111,0.425925925925926,0.592592592592593,0.851851851851852,0.685185185185185,0.592592592592593,0,0.425925925925926
"3373","SALATIGA",0.0772016753361025,23.9515460878108,1865,139,0.217391304347826,0,0,0.260869565217391,0.739130434782609,0.521739130434783,0.695652173913043,0,0.826086956521739,0,0,0.695652173913043,0.434782608695652,1,1,0,1,1,0.652173913043478,0.739130434782609,0.478260869565217,0.869565217391304,0.91304347826087,0.782608695652174,0.260869565217391,0.217391304347826,0.478260869565217,1,1,0.608695652173913,0,0.739130434782609
"3374","SEMARANG",0.0773578552520894,15.4747474250384,3449,282,0.163841807909605,0,0.0564971751412429,0.15819209039548,0.19774011299435,0.559322033898305,0.796610169491525,0,0.514124293785311,0,0,0.768361581920904,0.502824858757062,1,1,0,0.677966101694915,0.994350282485876,0.768361581920904,0.700564971751412,0.389830508474576,0.706214689265537,0.80225988700565,0.666666666666667,0.497175141242938,0.451977401129944,0.542372881355932,0.790960451977401,0.751412429378531,0.559322033898305,0.0169491525423729,0.288135593220339
"3375","PEKALONGAN",0.0594575578813491,28.4434874929383,2173,110,0.296296296296296,0,0.148148148148148,0.37037037037037,0.666666666666667,0.296296296296296,0.814814814814815,0,0.888888888888889,0,0,0.888888888888889,0.333333333333333,1,1,0,1,1,0.703703703703704,0.62962962962963,0.333333333333333,1,0.666666666666667,0.814814814814815,0.407407407407407,0.481481481481481,0.851851851851852,0.888888888888889,0.925925925925926,0.703703703703704,0.0740740740740741,0.518518518518518
"3376","TEGAL",0.0412404446611299,23.8682994648047,1995,98,0.111111111111111,0,0,0.296296296296296,0.740740740740741,0.407407407407407,0.703703703703704,0,0.666666666666667,0,0,0.814814814814815,0.518518518518518,1,1,0,0.111111111111111,1,0.62962962962963,0.555555555555556,0.259259259259259,0.851851851851852,0.962962962962963,0.925925925925926,0.888888888888889,0.0740740740740741,0.111111111111111,1,0.962962962962963,1,0.037037037037037,0.703703703703704
"3401","KULON PROGO",0.0542744290565555,18.9455447387411,2474,135,0.0795454545454545,0,0.0909090909090909,0.147727272727273,0.477272727272727,0.125,0.386363636363636,0,0.5,0.0795454545454545,0,0.420454545454545,0.340909090909091,1,1,0,0.943181818181818,1,0.397727272727273,0.386363636363636,0.170454545454545,0.784090909090909,0.988636363636364,0.852272727272727,0.568181818181818,0.5,0.772727272727273,0.943181818181818,0.965909090909091,0.840909090909091,0.0113636363636364,0.534090909090909
"3402","BANTUL",0.0761462354358771,15.4941530743945,2866,213,0.2,0,0.213333333333333,0.146666666666667,0.506666666666667,0.573333333333333,0.773333333333333,0,0.8,0.0133333333333333,0,0.826666666666667,0.56,1,1,0,0.906666666666667,1,0.573333333333333,0.693333333333333,0.533333333333333,0.946666666666667,1,0.973333333333333,0.613333333333333,0.6,0.746666666666667,0.88,0.88,0.64,0.0533333333333333,0.64
"3403","GUNUNGKIDUL",0.0597522159822531,17.7614089768428,2810,165,0.0555555555555556,0,0.0972222222222222,0.111111111111111,0.576388888888889,0.215277777777778,0.354166666666667,0,0.451388888888889,0.0347222222222222,0,0.3125,0.284722222222222,1,1,0,0.881944444444444,1,0.270833333333333,0.194444444444444,0.0694444444444444,0.694444444444444,0.888888888888889,0.840277777777778,0.715277777777778,0.659722222222222,0.708333333333333,0.826388888888889,0.923611111111111,0.638888888888889,0.0902777777777778,0.347222222222222
"3404","SLEMAN",0.0533194378198124,19.4181323028669,2930,150,0.244186046511628,0,0.116279069767442,0.197674418604651,0.674418604651163,0.523255813953488,0.790697674418605,0,0.837209302325581,0.453488372093023,0,0.779069767441861,0.604651162790698,1,1,0.0116279069767442,0.941860465116279,1,0.825581395348837,0.837209302325581,0.63953488372093,0.976744186046512,0.965116279069767,0.86046511627907,0.593023255813954,0.662790697674419,0.744186046511628,0.976744186046512,0.918604651162791,0.593023255813954,0.22093023255814,0.616279069767442
"3471","YOGYAKARTA",0.0862631197434047,15.7029103168854,2078,234,0.333333333333333,0.0222222222222222,0.0444444444444444,0.333333333333333,0.177777777777778,0.622222222222222,0.933333333333333,0,0.2,0,0,0.955555555555556,0.711111111111111,1,1,0,0.644444444444444,1,0.888888888888889,0.755555555555556,0.644444444444444,0.577777777777778,0.666666666666667,0.888888888888889,0.355555555555556,0.288888888888889,0.777777777777778,0.933333333333333,0.844444444444444,0.555555555555556,0.0222222222222222,0.6
"3501","PACITAN",0.0403975734682769,22.7967298101054,2460,102,0.0174418604651163,0,0.0872093023255814,0.0523255813953488,0.313953488372093,0.0581395348837209,0.209302325581395,0.0465116279069767,0.686046511627907,0.47093023255814,0.523255813953488,0.232558139534884,0.133720930232558,1,1,0,0.895348837209302,1,0.168604651162791,0.133720930232558,0.0581395348837209,0.936046511627907,0.767441860465116,0.755813953488372,0.604651162790698,0.662790697674419,0.517441860465116,0.848837209302326,0.825581395348837,0.61046511627907,0.0348837209302326,0.11046511627907
"3502","PONOROGO",0.0630704129422246,20.0053780197441,2649,152,0.0228013029315961,0,0.0586319218241042,0.0390879478827362,0.185667752442997,0.146579804560261,0.228013029315961,0,0.651465798045603,0.661237785016287,0.208469055374593,0.250814332247557,0.315960912052117,1,1,0.0358306188925081,0.980456026058632,1,0.149837133550489,0.185667752442997,0.0846905537459283,0.856677524429967,0.895765472312704,0.628664495114006,0.420195439739414,0.550488599348534,0.504885993485342,0.755700325732899,0.863192182410424,0.824104234527687,0.0618892508143322,0.123778501628664
"3503","TRENGGALEK",0.0563602372277881,19.6749595861215,2609,134,0.0127388535031847,0.00636942675159236,0.121019108280255,0.0191082802547771,0.401273885350318,0.0955414012738854,0.337579617834395,0,0.770700636942675,0.605095541401274,0.522292993630573,0.331210191082803,0.369426751592357,1,1,0,0.980891719745223,1,0.267515923566879,0.286624203821656,0.171974522292994,0.929936305732484,0.878980891719745,0.853503184713376,0.585987261146497,0.656050955414013,0.547770700636943,0.808917197452229,0.853503184713376,0.668789808917197,0.0573248407643312,0.178343949044586
"3504","TULUNGAGUNG",0.0514173580629219,21.3599718013511,2758,143,0.033210332103321,0.011070110701107,0.0664206642066421,0.0516605166051661,0.232472324723247,0.143911439114391,0.335793357933579,0,0.708487084870849,0.693726937269373,0.0848708487084871,0.439114391143911,0.509225092250922,1,1,0.018450184501845,0.955719557195572,1,0.302583025830258,0.261992619926199,0.132841328413284,0.88929889298893,0.915129151291513,0.671586715867159,0.409594095940959,0.509225092250922,0.638376383763838,0.819188191881919,0.848708487084871,0.653136531365314,0.022140221402214,0.143911439114391
"3505","BLITAR",0.0492392844917598,19.8262432377413,2842,140,0.0362903225806452,0,0.0806451612903226,0.0201612903225806,0.274193548387097,0.116935483870968,0.330645161290323,0,0.806451612903226,0.407258064516129,0.30241935483871,0.387096774193548,0.629032258064516,1,1,0,0.979838709677419,1,0.221774193548387,0.221774193548387,0.137096774193548,0.915322580645161,0.907258064516129,0.786290322580645,0.564516129032258,0.657258064516129,0.701612903225806,0.854838709677419,0.935483870967742,0.745967741935484,0.0403225806451613,0.237903225806452
"3506","KEDIRI",0.0534626130502162,18.6011083795104,3320,167,0.0377906976744186,0.00581395348837209,0.0232558139534884,0.0959302325581395,0.23546511627907,0.15406976744186,0.305232558139535,0.0261627906976744,0.834302325581395,0.372093023255814,0.438953488372093,0.427325581395349,0.642441860465116,1,1,0.0145348837209302,0.959302325581395,1,0.273255813953488,0.255813953488372,0.148255813953488,0.927325581395349,0.88953488372093,0.729651162790698,0.482558139534884,0.578488372093023,0.581395348837209,0.808139534883721,0.851744186046512,0.744186046511628,0.0406976744186047,0.156976744186047
"3507","MALANG",0.0555957721324519,16.2962933451287,3779,201,0.0615384615384615,0.00256410256410256,0.105128205128205,0,0.243589743589744,0.287179487179487,0.361538461538462,0.0282051282051282,0.917948717948718,0.797435897435897,0.451282051282051,0.4,0.766666666666667,1,0.997435897435897,0.0153846153846154,0.882051282051282,1,0.297435897435897,0.264102564102564,0.117948717948718,0.982051282051282,0.884615384615385,0.753846153846154,0.551282051282051,0.669230769230769,0.641025641025641,0.815384615384615,0.856410256410256,0.67948717948718,0.0461538461538462,0.164102564102564
"3508","LUMAJANG",0.0284631551718553,24.5387972336557,2862,74,0.0292682926829268,0,0.121951219512195,0,0.253658536585366,0.180487804878049,0.28780487804878,0.0341463414634146,0.853658536585366,0.785365853658537,0.0390243902439024,0.229268292682927,0.697560975609756,1,1,0.0341463414634146,0.780487804878049,1,0.219512195121951,0.2,0.136585365853659,0.960975609756098,0.751219512195122,0.824390243902439,0.6,0.707317073170732,0.697560975609756,0.775609756097561,0.717073170731707,0.531707317073171,0.175609756097561,0.141463414634146
"3509","JEMBER",0.0422343673486659,23.2953612449854,3846,131,0.0443548387096774,0,0.181451612903226,0.0282258064516129,0.57258064516129,0.290322580645161,0.391129032258065,0.00806451612903226,0.943548387096774,0.383064516129032,0.209677419354839,0.395161290322581,0.669354838709677,1,1,0,0.379032258064516,1,0.30241935483871,0.282258064516129,0.205645161290323,0.971774193548387,0.907258064516129,0.842741935483871,0.778225806451613,0.770161290322581,0.709677419354839,0.830645161290323,0.774193548387097,0.495967741935484,0.0685483870967742,0.137096774193548
"3510","BANYUWANGI",0.0296237962177799,23.5888770627071,3293,86,0.0552995391705069,0,0.0829493087557604,0.133640552995392,0.447004608294931,0.294930875576037,0.465437788018433,0.0368663594470046,0.815668202764977,0.585253456221198,0.105990783410138,0.483870967741935,0.649769585253456,1,1,0.0138248847926267,0.852534562211982,1,0.387096774193548,0.410138248847926,0.23963133640553,0.912442396313364,0.940092165898618,0.880184331797235,0.626728110599078,0.663594470046083,0.626728110599078,0.870967741935484,0.866359447004608,0.622119815668203,0.032258064516129,0.216589861751152
"3511","BONDOWOSO",0.0329125022196152,26.580784350639,2445,70,0.0182648401826484,0.0045662100456621,0.118721461187215,0.0228310502283105,0.292237442922374,0.045662100456621,0.164383561643836,0.0136986301369863,0.762557077625571,0.767123287671233,0.0136986301369863,0.168949771689498,0.310502283105023,1,0.995433789954338,0.0136986301369863,0.657534246575342,1,0.127853881278539,0.123287671232877,0.0684931506849315,0.949771689497717,0.853881278538813,0.785388127853881,0.675799086757991,0.726027397260274,0.65296803652968,0.808219178082192,0.721461187214612,0.452054794520548,0.0867579908675799,0.100456621004566
"3512","SITUBONDO",0.0238120581431507,24.5979040019765,2329,65,0.0367647058823529,0.00735294117647059,0.132352941176471,0.0220588235294118,0.419117647058824,0.102941176470588,0.213235294117647,0,0.838235294117647,0.617647058823529,0.367647058823529,0.176470588235294,0.352941176470588,1,1,0.0588235294117647,0.411764705882353,1,0.176470588235294,0.176470588235294,0.139705882352941,0.933823529411765,0.823529411764706,0.852941176470588,0.720588235294118,0.691176470588235,0.654411764705882,0.830882352941177,0.757352941176471,0.441176470588235,0.132352941176471,0.191176470588235
"3513","PROBOLINGGO",0.0149741606562734,28.7314849380761,2951,52,0.0151515151515152,0,0.0787878787878788,0.0242424242424242,0.254545454545455,0.0545454545454545,0.166666666666667,0.0181818181818182,0.860606060606061,0.612121212121212,0.275757575757576,0.127272727272727,0.46969696969697,1,1,0.0181818181818182,0.66969696969697,1,0.133333333333333,0.118181818181818,0.0696969696969697,0.975757575757576,0.745454545454545,0.778787878787879,0.639393939393939,0.612121212121212,0.624242424242424,0.712121212121212,0.666666666666667,0.454545454545455,0.0939393939393939,0.0878787878787879
"3514","PASURUAN",0.024963401007095,25.5250541161624,3359,88,0.0273972602739726,0,0.0493150684931507,0.0410958904109589,0.2,0.131506849315068,0.238356164383562,0,0.775342465753425,0.276712328767123,0.646575342465753,0.178082191780822,0.652054794520548,1,1,0.0328767123287671,0.649315068493151,1,0.167123287671233,0.147945205479452,0.117808219178082,0.915068493150685,0.663013698630137,0.608219178082192,0.441095890410959,0.515068493150685,0.501369863013699,0.663013698630137,0.731506849315068,0.542465753424658,0.112328767123288,0.0931506849315069
"3515","SIDOARJO",0.0583949905140834,16.2908923311291,3669,231,0.0751445086705202,0.0144508670520231,0.0491329479768786,0.0520231213872832,0.15028901734104,0.320809248554913,0.609826589595376,0,0.791907514450867,0.728323699421965,0.378612716763006,0.494219653179191,0.76878612716763,1,1,0.0317919075144509,0.971098265895954,1,0.517341040462428,0.569364161849711,0.346820809248555,0.933526011560694,0.92485549132948,0.566473988439306,0.38150289017341,0.468208092485549,0.46242774566474,0.632947976878613,0.783236994219653,0.635838150289017,0.0317919075144509,0.0838150289017341
"3516","MOJOKERTO",0.0477055827947446,20.0589318627279,2933,139,0.0361842105263158,0,0.0625,0.0230263157894737,0.180921052631579,0.134868421052632,0.289473684210526,0.00986842105263158,0.766447368421053,0.740131578947368,0.194078947368421,0.276315789473684,0.572368421052632,1,1,0.00328947368421053,0.888157894736842,1,0.240131578947368,0.240131578947368,0.105263157894737,0.894736842105263,0.842105263157895,0.536184210526316,0.368421052631579,0.457236842105263,0.486842105263158,0.592105263157895,0.743421052631579,0.611842105263158,0.0822368421052632,0.0625
"3517","JOMBANG",0.0424518430561708,18.7192568543053,2989,134,0.042483660130719,0.00326797385620915,0.065359477124183,0.0457516339869281,0.235294117647059,0.19281045751634,0.320261437908497,0,0.898692810457516,0.80718954248366,0.0228758169934641,0.264705882352941,0.607843137254902,1,1,0.0130718954248366,0.986928104575163,1,0.245098039215686,0.218954248366013,0.140522875816993,0.973856209150327,0.941176470588235,0.705882352941177,0.594771241830065,0.594771241830065,0.637254901960784,0.849673202614379,0.898692810457516,0.761437908496732,0.127450980392157,0.218954248366013
"3518","NGANJUK",0.0588799484179494,19.3813314531513,2780,151,0.0105633802816901,0,0.0492957746478873,0.0211267605633803,0.285211267605634,0.112676056338028,0.267605633802817,0,0.855633802816901,0,0.732394366197183,0.28169014084507,0.46830985915493,1,1,0.00352112676056338,0.77112676056338,1,0.23943661971831,0.221830985915493,0.0845070422535211,0.940140845070423,0.827464788732394,0.661971830985915,0.538732394366197,0.584507042253521,0.584507042253521,0.746478873239437,0.823943661971831,0.721830985915493,0.130281690140845,0.137323943661972
"3519","MADIUN",0.0567076329759173,22.6276285632922,2407,127,0.0145631067961165,0,0.0533980582524272,0.0776699029126214,0.276699029126214,0.0825242718446602,0.281553398058252,0.0145631067961165,0.757281553398058,0.189320388349515,0.480582524271845,0.296116504854369,0.286407766990291,1,1,0.12621359223301,0.800970873786408,1,0.174757281553398,0.223300970873786,0.0922330097087379,0.936893203883495,0.936893203883495,0.669902912621359,0.558252427184466,0.592233009708738,0.519417475728155,0.800970873786408,0.87378640776699,0.79126213592233,0.0388349514563107,0.16504854368932
"3520","MAGETAN",0.0664627806740603,17.3482471417685,2603,166,0.0170212765957447,0.00851063829787234,0.0808510638297872,0.0127659574468085,0.251063829787234,0.0808510638297872,0.272340425531915,0,0.621276595744681,1,0.302127659574468,0.31063829787234,0.221276595744681,1,1,0.0170212765957447,0.982978723404255,1,0.182978723404255,0.221276595744681,0.102127659574468,0.872340425531915,0.863829787234043,0.638297872340426,0.446808510638298,0.519148936170213,0.527659574468085,0.804255319148936,0.868085106382979,0.804255319148936,0.0468085106382979,0.187234042553191
"3521","NGAWI",0.0358891303640105,22.6455828421034,2360,93,0.0230414746543779,0,0.0967741935483871,0.0138248847926267,0.28110599078341,0.115207373271889,0.304147465437788,0,0.663594470046083,0.0138248847926267,0.691244239631336,0.382488479262673,0.253456221198157,1,1,0.0276497695852535,0.788018433179724,1,0.188940092165899,0.211981566820276,0.124423963133641,0.935483870967742,0.889400921658986,0.649769585253456,0.47926267281106,0.617511520737327,0.63594470046083,0.755760368663594,0.834101382488479,0.732718894009217,0.0829493087557604,0.0737327188940092
"3522","BOJONEGORO",0.0182045455254156,31.7135260869301,3124,57,0.0232558139534884,0.0116279069767442,0.072093023255814,0.013953488372093,0.167441860465116,0.0465116279069767,0.2,0.0232558139534884,0.672093023255814,0.418604651162791,0.52093023255814,0.216279069767442,0.402325581395349,1,0.997674418604651,0.0348837209302326,0.597674418604651,1,0.183720930232558,0.144186046511628,0.0976744186046512,0.948837209302326,0.830232558139535,0.706976744186047,0.548837209302326,0.625581395348837,0.504651162790698,0.706976744186047,0.802325581395349,0.541860465116279,0.104651162790698,0.141860465116279
"3523","TUBAN",0.0661918015363412,18.1156125371095,3038,169,0.0182926829268293,0,0.024390243902439,0.0762195121951219,0.164634146341463,0.0823170731707317,0.213414634146341,0,0.929878048780488,0.518292682926829,0.844512195121951,0.176829268292683,0.390243902439024,1,1,0.0365853658536585,0.661585365853659,0.996951219512195,0.146341463414634,0.152439024390244,0.103658536585366,0.969512195121951,0.829268292682927,0.676829268292683,0.557926829268293,0.646341463414634,0.61890243902439,0.75609756097561,0.804878048780488,0.61890243902439,0.201219512195122,0.152439024390244
"3524","LAMONGAN",0.102384439612195,15.672187049918,3038,273,0.0358649789029536,0,0.0654008438818565,0.00210970464135021,0.227848101265823,0.118143459915612,0.227848101265823,0,0.822784810126582,0.664556962025316,0.168776371308017,0.208860759493671,0.390295358649789,1,0.9957805907173,0.0485232067510548,0.708860759493671,0.99789029535865,0.219409282700422,0.208860759493671,0.0907172995780591,0.953586497890295,0.90084388185654,0.491561181434599,0.39873417721519,0.487341772151899,0.518987341772152,0.533755274261603,0.683544303797468,0.537974683544304,0.143459915611814,0.0632911392405063
"3525","GRESIK",0.0366470300338698,19.9683387687805,3123,135,0.0617977528089888,0,0.050561797752809,0.0561797752808989,0.207865168539326,0.182584269662921,0.362359550561798,0.0168539325842697,0.75561797752809,0.758426966292135,0.0898876404494382,0.373595505617978,0.525280898876405,1,0.997191011235955,0.115168539325843,0.758426966292135,1,0.286516853932584,0.283707865168539,0.123595505617978,0.941011235955056,0.817415730337079,0.539325842696629,0.334269662921348,0.460674157303371,0.432584269662921,0.651685393258427,0.721910112359551,0.49438202247191,0.117977528089888,0.0730337078651685
"3526","BANGKALAN",0.014566054913056,39.0366159260494,2790,41,0.0106761565836299,0.0106761565836299,0.0818505338078292,0.0106761565836299,0.192170818505338,0.0427046263345196,0.149466192170818,0.0142348754448399,0.686832740213523,0.448398576512456,0.608540925266904,0.156583629893238,0.384341637010676,0.99644128113879,0.932384341637011,0.323843416370107,0.338078291814947,0.97153024911032,0.113879003558719,0.120996441281139,0.0569395017793594,0.939501779359431,0.441281138790036,0.629893238434164,0.498220640569395,0.505338078291815,0.498220640569395,0.519572953736655,0.462633451957295,0.266903914590747,0.0604982206405694,0.0569395017793594
"3527","SAMPANG",0.0317955452623925,30.9750703257797,2760,72,0.0161290322580645,0,0.118279569892473,0,0.317204301075269,0.0483870967741935,0.231182795698925,0,0.849462365591398,0.634408602150538,0.688172043010753,0.188172043010753,0.435483870967742,1,1,0.0268817204301075,0.537634408602151,0.994623655913978,0.118279569892473,0.188172043010753,0.0806451612903226,0.967741935483871,0.768817204301075,0.811827956989247,0.655913978494624,0.634408602150538,0.612903225806452,0.779569892473118,0.779569892473118,0.516129032258065,0.241935483870968,0.102150537634409
"3528","PAMEKASAN",0.0164984754799549,30.1611683456464,2842,78,0.0211640211640212,0.0105820105820106,0.111111111111111,0,0.164021164021164,0.0899470899470899,0.201058201058201,0,0.465608465608466,0.470899470899471,0.634920634920635,0.222222222222222,0.502645502645503,0.994708994708995,0.994708994708995,0.0634920634920635,0.62962962962963,0.994708994708995,0.216931216931217,0.17989417989418,0.0687830687830688,0.994708994708995,0.825396825396825,0.71957671957672,0.703703703703704,0.64021164021164,0.597883597883598,0.650793650793651,0.560846560846561,0.497354497354497,0.111111111111111,0.0687830687830688
"3529","SUMENEP",0.0328634862728932,35.8103130584461,2612,56,0.0119760479041916,0.00598802395209581,0.0898203592814371,0,0.167664670658683,0.0389221556886228,0.164670658682635,0.00898203592814371,0.583832335329341,0.649700598802395,0.697604790419162,0.131736526946108,0.227544910179641,1,0.988023952095808,0.062874251497006,0.562874251497006,0.997005988023952,0.110778443113772,0.116766467065868,0.0808383233532934,0.892215568862275,0.802395209580838,0.817365269461078,0.667664670658683,0.631736526946108,0.706586826347305,0.733532934131736,0.625748502994012,0.407185628742515,0.209580838323353,0.092814371257485
"3571","KEDIRI",0.0455761622508874,22.3161880540458,2111,106,0.195652173913043,0.0652173913043478,0.0652173913043478,0.130434782608696,0.58695652173913,0.41304347826087,0.91304347826087,0,0.673913043478261,0.934782608695652,0,0.891304347826087,0.652173913043478,1,1,0.0217391304347826,0.978260869565217,1,0.739130434782609,0.565217391304348,0.369565217391304,0.804347826086957,0.869565217391304,0.91304347826087,0.282608695652174,0.282608695652174,0.782608695652174,0.956521739130435,0.869565217391304,0.91304347826087,0.108695652173913,0.673913043478261
"3572","BLITAR",0.0547273818823157,22.4300260491847,1802,113,0.19047619047619,0.0476190476190476,0,0.142857142857143,0.761904761904762,0.428571428571429,0.857142857142857,0,0.714285714285714,0.0476190476190476,0,0.761904761904762,0.714285714285714,1,1,0,0.952380952380952,1,0.761904761904762,0.714285714285714,0.333333333333333,0.857142857142857,0.80952380952381,0.904761904761905,0.714285714285714,0.761904761904762,0.571428571428571,0.952380952380952,0.952380952380952,0.904761904761905,0,0.619047619047619
"3573","MALANG",0.0553105044538413,19.6923721067458,2661,154,0.210526315789474,0.175438596491228,0.0526315789473684,0.228070175438596,0.56140350877193,0.754385964912281,0.929824561403509,0.0175438596491228,0.701754385964912,0.421052631578947,0,0.964912280701754,0.859649122807018,1,1,0,0.929824561403509,1,0.894736842105263,0.754385964912281,0.456140350877193,0.87719298245614,0.859649122807018,0.87719298245614,0.701754385964912,0.719298245614035,0.87719298245614,1,1,0.789473684210526,0.0701754385964912,0.807017543859649
"3574","PROBOLINGGO",0.0441956771636584,21.0822551335089,2042,108,0.0689655172413793,0.0344827586206897,0.0689655172413793,0.137931034482759,0.655172413793103,0.448275862068966,0.586206896551724,0.103448275862069,0.896551724137931,0,0,0.620689655172414,0.827586206896552,1,1,0,0.896551724137931,1,0.482758620689655,0.551724137931034,0.379310344827586,0.896551724137931,0.517241379310345,0.896551724137931,0.620689655172414,0.482758620689655,0.551724137931034,0.862068965517241,0.689655172413793,0.758620689655172,0.0689655172413793,0.172413793103448
"3575","PASURUAN",0.0346995882093541,26.5606828081557,1879,80,0.0588235294117647,0,0,0.235294117647059,0.794117647058823,0.323529411764706,0.676470588235294,0.147058823529412,0.588235294117647,0,0,0.470588235294118,0.5,1,1,0,0.970588235294118,1,0.352941176470588,0.411764705882353,0.205882352941176,0.764705882352941,0.735294117647059,0.617647058823529,0.264705882352941,0.176470588235294,0.647058823529412,0.735294117647059,0.852941176470588,0.205882352941176,0.0294117647058824,0.0882352941176471
"3576","MOJOKERTO",0.0667684732823123,20.6079993787553,1784,125,0.277777777777778,0,0.0555555555555556,0.277777777777778,0.555555555555556,0.611111111111111,0.777777777777778,0.0555555555555556,0.388888888888889,0.444444444444444,0,0.888888888888889,0.944444444444444,1,1,0,0.222222222222222,1,0.777777777777778,0.666666666666667,0.611111111111111,0.888888888888889,1,0.777777777777778,0.5,0.555555555555556,0.666666666666667,1,1,0.444444444444444,0,0.833333333333333
"3577","MADIUN",0.0822619999497139,21.5826123660946,1651,103,0.222222222222222,0.037037037037037,0,0.222222222222222,0.62962962962963,0.518518518518518,0.925925925925926,0,0.37037037037037,1,0,0.888888888888889,0.555555555555556,1,1,0,0.925925925925926,1,0.740740740740741,0.814814814814815,0.407407407407407,0.740740740740741,0.925925925925926,0.666666666666667,0.592592592592593,0.518518518518518,0.444444444444444,0.814814814814815,0.814814814814815,0.37037037037037,0.037037037037037,0.333333333333333
"3578","SURABAYA",0.0643458679727365,15.0513160997824,4102,254,0.274509803921569,0.130718954248366,0.156862745098039,0.261437908496732,0.450980392156863,0.73202614379085,0.954248366013072,0.169934640522876,0.810457516339869,0.973856209150327,0,0.901960784313726,0.777777777777778,1,1,0.0261437908496732,0.862745098039216,1,0.856209150326797,0.797385620915033,0.61437908496732,0.901960784313726,0.712418300653595,0.679738562091503,0.405228758169935,0.431372549019608,0.483660130718954,0.751633986928105,0.803921568627451,0.372549019607843,0.065359477124183,0.261437908496732
"3579","BATU",0.0694572449786963,22.6268416867704,1997,121,0.208333333333333,0,0,0.208333333333333,0.25,0.25,0.625,0,0.958333333333333,0.25,0,0.75,0.916666666666667,1,1,0,0.791666666666667,1,0.625,0.541666666666667,0.458333333333333,0.958333333333333,0.875,0.958333333333333,0.458333333333333,0.583333333333333,0.583333333333333,0.791666666666667,0.875,0.708333333333333,0.125,0.25
"3601","PANDEGLANG",0.0183780784428702,53.2796182313255,3051,34,0.0117994100294985,0.00294985250737463,0.0324483775811209,0.0914454277286136,0.200589970501475,0.0914454277286136,0.168141592920354,0.0324483775811209,0.743362831858407,0.156342182890855,0.00589970501474926,0.141592920353982,0.106194690265487,1,0.997050147492625,0.0884955752212389,0.407079646017699,1,0.153392330383481,0.106194690265487,0.0324483775811209,0.952802359882006,0.548672566371681,0.68141592920354,0.64306784660767,0.672566371681416,0.59882005899705,0.699115044247788,0.705014749262537,0.519174041297935,0.0324483775811209,0.0855457227138643
"3602","LEBAK",0.014598723991026,35.7886320113507,2974,47,0.00869565217391304,0,0.0869565217391304,0.0347826086956522,0.173913043478261,0.168115942028985,0.171014492753623,0.00289855072463768,0.715942028985507,0.00579710144927536,0,0.139130434782609,0.0898550724637681,1,1,0.0173913043478261,0.142028985507246,1,0.136231884057971,0.107246376811594,0.0579710144927536,0.936231884057971,0.71304347826087,0.869565217391304,0.797101449275362,0.768115942028985,0.768115942028985,0.872463768115942,0.869565217391304,0.518840579710145,0.0608695652173913,0.188405797101449
"3603","TANGERANG",0.0242416994174278,28.7132081584156,4034,68,0.0948905109489051,0,0.0474452554744526,0.12043795620438,0.116788321167883,0.671532846715328,0.529197080291971,0,0.95985401459854,0.072992700729927,0.0510948905109489,0.562043795620438,0.653284671532847,1,0.996350364963504,0.0656934306569343,0.788321167883212,0.996350364963504,0.41970802919708,0.299270072992701,0.131386861313869,0.989051094890511,0.72992700729927,0.828467153284672,0.77007299270073,0.843065693430657,0.631386861313869,0.697080291970803,0.762773722627737,0.521897810218978,0.109489051094891,0.0912408759124088
"3604","SERANG",0.0204428187970512,36.6238771228305,3447,71,0.0122699386503067,0,0.0552147239263804,0.0552147239263804,0.113496932515337,0.220858895705521,0.171779141104294,0,0.852760736196319,0.196319018404908,0.0705521472392638,0.214723926380368,0.242331288343558,1,0.993865030674847,0.00920245398773006,0.423312883435583,0.996932515337423,0.147239263803681,0.101226993865031,0.0306748466257669,0.960122699386503,0.475460122699386,0.717791411042945,0.579754601226994,0.705521472392638,0.55521472392638,0.668711656441718,0.791411042944785,0.460122699386503,0.0613496932515337,0.0521472392638037
"3671","TANGERANG",0.051078138824929,19.2260159923773,3593,140,0.307692307692308,0,0,0.346153846153846,0.0192307692307692,0.807692307692308,0.778846153846154,0.173076923076923,0.865384615384615,0,0,0.855769230769231,0.846153846153846,1,1,0,0.769230769230769,1,0.701923076923077,0.682692307692308,0.5,0.951923076923077,0.759615384615385,0.673076923076923,0.567307692307692,0.605769230769231,0.5,0.634615384615385,0.596153846153846,0.403846153846154,0.0673076923076923,0.0576923076923077
"3672","CILEGON",0.0342850004186195,31.8463693187648,2401,80,0.116279069767442,0,0,0.209302325581395,0.302325581395349,0.441860465116279,0.511627906976744,0,0.883720930232558,0.372093023255814,0.13953488372093,0.627906976744186,0.674418604651163,1,1,0,0.953488372093023,1,0.511627906976744,0.441860465116279,0.209302325581395,0.976744186046512,0.86046511627907,0.86046511627907,0.534883720930233,0.651162790697674,0.627906976744186,0.883720930232558,0.767441860465116,0.697674418604651,0.0697674418604651,0.13953488372093
"3673","SERANG",0.0299299112699855,26.609742248351,2874,99,0.134328358208955,0,0.0149253731343284,0.223880597014925,0.104477611940299,0.582089552238806,0.447761194029851,0.0149253731343284,0.895522388059702,0.194029850746269,0.0149253731343284,0.582089552238806,0.477611940298507,1,1,0,0.611940298507463,1,0.432835820895522,0.388059701492537,0.0746268656716418,0.970149253731343,0.641791044776119,0.835820895522388,0.656716417910448,0.686567164179104,0.626865671641791,0.716417910447761,0.805970149253731,0.477611940298507,0.104477611940299,0.0447761194029851
"3674","TANGERANG SELATAN",0.0276011456391747,24.2072736394992,3212,81,0.425925925925926,0.0925925925925926,0.314814814814815,0.314814814814815,0.0185185185185185,0.925925925925926,0.888888888888889,0.0555555555555556,0.962962962962963,0,0,0.944444444444444,1,1,1,0,0.925925925925926,1,0.981481481481482,0.944444444444444,0.925925925925926,0.981481481481482,0.87037037037037,0.740740740740741,0.685185185185185,0.592592592592593,0.666666666666667,0.666666666666667,0.648148148148148,0.37037037037037,0.0185185185185185,0.12962962962963
"5101","JEMBRANA",0.0131131874146015,45.1551522139145,2025,28,0.0784313725490196,0,0.117647058823529,0.0784313725490196,0.784313725490196,0.0784313725490196,0.686274509803922,0,0.862745098039216,0.117647058823529,0,0.549019607843137,0.254901960784314,1,1,0,0.333333333333333,1,0.509803921568627,0.431372549019608,0.254901960784314,0.941176470588235,0.901960784313726,0.862745098039216,0.372549019607843,0.705882352941177,0.490196078431373,0.92156862745098,0.862745098039216,0.490196078431373,0.0392156862745098,0.215686274509804
"5102","TABANAN",0.0684898235458247,19.2658650913522,2676,185,0.0526315789473684,0.0150375939849624,0.0451127819548872,0.105263157894737,0.56390977443609,0.075187969924812,0.511278195488722,0.0075187969924812,0.684210526315789,0.466165413533835,0,0.330827067669173,0.0827067669172932,1,1,0.0075187969924812,0.601503759398496,1,0.481203007518797,0.368421052631579,0.270676691729323,0.909774436090226,0.909774436090226,0.586466165413534,0.533834586466165,0.669172932330827,0.533834586466165,0.894736842105263,0.887218045112782,0.601503759398496,0.0300751879699248,0.150375939849624
"5103","BADUNG",0.0568652897802612,23.5696936202244,2969,180,0.129032258064516,0,0.032258064516129,0.17741935483871,0.82258064516129,0.435483870967742,0.887096774193548,0.225806451612903,0.67741935483871,0,0,0.741935483870968,0.17741935483871,1,1,0.0806451612903226,0.935483870967742,0.983870967741935,0.887096774193548,0.82258064516129,0.548387096774194,0.903225806451613,0.919354838709677,0.790322580645161,0.67741935483871,0.5,0.741935483870968,1,0.887096774193548,0.403225806451613,0.0483870967741935,0.629032258064516
"5104","GIANYAR",0.0539909897325179,24.5861512042084,3007,125,0.1,0.0142857142857143,0.0714285714285714,0.114285714285714,0.828571428571429,0.328571428571429,0.828571428571429,0.3,0.842857142857143,0.171428571428571,0.0285714285714286,0.557142857142857,0.214285714285714,1,1,0,0.557142857142857,1,0.728571428571429,0.657142857142857,0.457142857142857,1,1,0.842857142857143,0.571428571428571,0.657142857142857,0.557142857142857,0.985714285714286,0.8,0.7,0,0.528571428571429
"5105","KLUNGKUNG",0.0149684005311193,46.3371756091185,2087,33,0.0847457627118644,0,0.0677966101694915,0.101694915254237,0.813559322033898,0.0847457627118644,0.491525423728814,0.0338983050847458,0.661016949152542,0.898305084745763,0,0.305084745762712,0.101694915254237,1,1,0,0.76271186440678,1,0.576271186440678,0.305084745762712,0.186440677966102,0.830508474576271,0.779661016949153,0.593220338983051,0.508474576271186,0.694915254237288,0.440677966101695,0.932203389830508,0.847457627118644,0.745762711864407,0,0.135593220338983
"5106","BANGLI",0.0432268872593391,31.269500782323,2311,80,0.0273972602739726,0,0.0821917808219178,0.0821917808219178,0.726027397260274,0.164383561643836,0.383561643835616,0,0.602739726027397,0.232876712328767,0.10958904109589,0.219178082191781,0.0410958904109589,1,1,0,0.575342465753425,1,0.315068493150685,0.178082191780822,0.191780821917808,0.931506849315068,0.73972602739726,0.643835616438356,0.493150684931507,0.684931506849315,0.342465753424658,0.849315068493151,0.794520547945205,0.73972602739726,0.0410958904109589,0.191780821917808
"5107","KARANGASEM",0.0443776808847413,30.4599089897474,2386,76,0.0384615384615385,0,0.0897435897435897,0.0641025641025641,0.743589743589744,0.141025641025641,0.512820512820513,0,0.833333333333333,0.628205128205128,0.0128205128205128,0.384615384615385,0.128205128205128,1,1,0,0.730769230769231,1,0.397435897435897,0.243589743589744,0.153846153846154,0.91025641025641,0.897435897435897,0.884615384615385,0.628205128205128,0.730769230769231,0.58974358974359,0.935897435897436,0.884615384615385,0.538461538461538,0.0641025641025641,0.282051282051282
"5108","BULELENG",0.0217659625669368,25.9559954885415,2617,67,0.0540540540540541,0.00675675675675676,0.027027027027027,0.108108108108108,0.486486486486487,0.114864864864865,0.418918918918919,0,0.763513513513513,0.506756756756757,0.0135135135135135,0.297297297297297,0.0743243243243243,1,1,0.0135135135135135,0.655405405405405,0.97972972972973,0.317567567567568,0.22972972972973,0.175675675675676,0.912162162162162,0.763513513513513,0.831081081081081,0.763513513513513,0.837837837837838,0.527027027027027,0.918918918918919,0.871621621621622,0.608108108108108,0.114864864864865,0.175675675675676
"5171","DENPASAR",0.0520724012296503,19.5949843182953,3262,174,0.348837209302326,0,0,0.255813953488372,0.581395348837209,0.744186046511628,1,0.162790697674419,0.837209302325581,0,0,1,0.604651162790698,1,1,0,0.534883720930233,1,0.976744186046512,0.906976744186046,0.813953488372093,0.930232558139535,0.953488372093023,0.697674418604651,0.581395348837209,0.697674418604651,0.395348837209302,0.720930232558139,0.674418604651163,0.186046511627907,0.0465116279069767,0.372093023255814
"5201","LOMBOK BARAT",0.0234917866706698,26.6427187115429,2507,69,0.0163934426229508,0,0.0901639344262295,0.0819672131147541,0.524590163934426,0.122950819672131,0.467213114754098,0,0.467213114754098,0.975409836065574,0.0245901639344262,0.434426229508197,0.131147540983607,1,1,0.00819672131147541,0.549180327868853,1,0.286885245901639,0.319672131147541,0.114754098360656,0.934426229508197,0.877049180327869,0.762295081967213,0.491803278688525,0.713114754098361,0.5,0.860655737704918,0.762295081967213,0.655737704918033,0.0901639344262295,0.147540983606557
"5202","LOMBOK TENGAH",0.0207241079647239,25.6299287328893,2589,53,0.038961038961039,0,0.188311688311688,0,0.597402597402597,0.136363636363636,0.415584415584416,0,0.305194805194805,0.396103896103896,0.363636363636364,0.532467532467532,0.0714285714285714,1,0.993506493506494,0.00649350649350649,1,0.987012987012987,0.266233766233766,0.253246753246753,0.11038961038961,0.948051948051948,0.987012987012987,0.733766233766234,0.551948051948052,0.746753246753247,0.571428571428571,0.850649350649351,0.857142857142857,0.616883116883117,0.012987012987013,0.12987012987013
"5203","LOMBOK TIMUR",0.00633315237736364,36.0476128708594,2745,21,0.0275590551181102,0,0.137795275590551,0,0.34251968503937,0.106299212598425,0.326771653543307,0,0.259842519685039,0.826771653543307,0.0236220472440945,0.350393700787402,0.0551181102362205,1,1,0.0275590551181102,0.590551181102362,1,0.251968503937008,0.275590551181102,0.0984251968503937,0.976377952755906,0.937007874015748,0.803149606299213,0.633858267716535,0.767716535433071,0.531496062992126,0.799212598425197,0.838582677165354,0.661417322834646,0.0433070866141732,0.110236220472441
"5204","SUMBAWA",0.0133909723651504,32.7747161795968,2343,35,0.0181818181818182,0,0.151515151515152,0.00606060606060606,0.527272727272727,0.0303030303030303,0.218181818181818,0,0.175757575757576,0.472727272727273,0.187878787878788,0.272727272727273,0.0242424242424242,1,1,0,0.387878787878788,1,0.187878787878788,0.181818181818182,0.0848484848484849,0.963636363636364,0.927272727272727,0.593939393939394,0.606060606060606,0.654545454545455,0.660606060606061,0.733333333333333,0.739393939393939,0.393939393939394,0.0666666666666667,0.115151515151515
"5205","DOMPU",0.0302609732955455,41.8082239347156,2160,44,0.0246913580246914,0,0.123456790123457,0,0.45679012345679,0.0123456790123457,0.246913580246914,0,0.111111111111111,0.91358024691358,0,0.296296296296296,0.0246913580246914,1,1,0,0.0493827160493827,1,0.160493827160494,0.172839506172839,0.0740740740740741,0.987654320987654,0.938271604938272,0.666666666666667,0.703703703703704,0.654320987654321,0.679012345679012,0.604938271604938,0.654320987654321,0.419753086419753,0.037037037037037,0.0493827160493827
"5206","BIMA",0.0210707132111224,28.7637786876786,2370,55,0.00523560209424084,0,0.109947643979058,0,0.465968586387435,0.0104712041884817,0.172774869109948,0,0.146596858638743,0.853403141361257,0,0.256544502617801,0.00523560209424084,1,1,0,1,1,0.151832460732984,0.18848167539267,0.0523560209424084,0.984293193717278,0.93717277486911,0.712041884816754,0.691099476439791,0.628272251308901,0.691099476439791,0.769633507853403,0.81151832460733,0.518324607329843,0.146596858638743,0.120418848167539
"5207","SUMBAWA BARAT",0.0108009178621769,43.991046998279,1966,22,0.0153846153846154,0,0.138461538461538,0.0153846153846154,0.476923076923077,0.0461538461538462,0.338461538461538,0,0.169230769230769,0.969230769230769,0,0.2,0.0461538461538462,1,1,0.0153846153846154,0.646153846153846,1,0.261538461538462,0.246153846153846,0.0923076923076923,0.984615384615385,0.984615384615385,0.6,0.646153846153846,0.523076923076923,0.4,0.676923076923077,0.784615384615385,0.307692307692308,0.0769230769230769,0.0307692307692308
"5208","LOMBOK UTARA",0.0171694767744813,38.4555938143913,1839,45,0.0232558139534884,0,0.186046511627907,0,0.697674418604651,0.0465116279069767,0.395348837209302,0,0.488372093023256,0.953488372093023,0,0.325581395348837,0.0465116279069767,1,1,0,0.674418604651163,1,0.27906976744186,0.302325581395349,0.0697674418604651,1,0.976744186046512,0.837209302325581,0.744186046511628,0.837209302325581,0.651162790697674,0.790697674418605,0.790697674418605,0.627906976744186,0.0465116279069767,0.186046511627907
"5271","MATARAM",0.0309900100073373,32.3888235476923,2357,71,0.28,0,0.14,0.08,0.34,0.4,0.84,0.04,0.44,0.4,0,0.84,0.22,1,1,0,1,1,0.88,0.88,0.58,0.88,1,0.72,0.4,0.64,0.44,0.88,0.84,0.54,0.02,0.42
"5272","BIMA",0.0471558732875023,23.5280927172937,2002,99,0.121951219512195,0,0.024390243902439,0.146341463414634,0.390243902439024,0.170731707317073,0.414634146341463,0,0.48780487804878,0.804878048780488,0.024390243902439,0.536585365853659,0.024390243902439,1,1,0,0.195121951219512,1,0.268292682926829,0.317073170731707,0.170731707317073,0.951219512195122,0.951219512195122,0.804878048780488,0.634146341463415,0.75609756097561,0.390243902439024,0.609756097560976,0.658536585365854,0.268292682926829,0.0731707317073171,0.024390243902439
"5301","SUMBA BARAT",0.0043158911665379,56.3434577612006,2375,16,0.0405405405405405,0,0.108108108108108,0.027027027027027,0.0945945945945946,0.0540540540540541,0.0540540540540541,0,0,0.148648648648649,0.175675675675676,0.0945945945945946,0,1,1,0.0135135135135135,0.0810810810810811,0.986486486486487,0.0675675675675676,0.148648648648649,0.0405405405405405,0.459459459459459,0.702702702702703,0.689189189189189,0.716216216216216,0.716216216216216,0.432432432432432,0.594594594594595,0.527027027027027,0.432432432432432,0,0.0675675675675676
"5302","SUMBA TIMUR",0.00739714646305839,41.929193681221,2441,31,0.025,0,0.06,0.055,0.41,0.025,0.03,0.005,0.02,0.04,0.38,0.045,0,1,1,0,0.71,1,0.08,0.105,0.035,0.715,0.715,0.62,0.755,0.615,0.415,0.625,0.57,0.42,0.11,0.085
"5303","KUPANG",0.0144732225366489,61.6738919605243,2295,18,0.00564971751412429,0,0.096045197740113,0.0564971751412429,0.813559322033898,0.0395480225988701,0.0395480225988701,0.0169491525423729,0.0225988700564972,0.0621468926553672,0.0790960451977401,0.0395480225988701,0,1,1,0,0.553672316384181,1,0.0621468926553672,0.0847457627118644,0.0395480225988701,0.892655367231638,0.68361581920904,0.655367231638418,0.677966101694915,0.666666666666667,0.344632768361582,0.68361581920904,0.655367231638418,0.519774011299435,0.186440677966102,0.0903954802259887
"5304","TIMOR TENGAH SELATAN",0.0106883307077102,48.5262490129259,2623,24,0.0143884892086331,0,0.039568345323741,0.0971223021582734,0.309352517985612,0.0251798561151079,0.0323741007194245,0.0143884892086331,0.0215827338129496,0.323741007194245,0.18705035971223,0.0503597122302158,0.00359712230215827,1,1,0.00359712230215827,0.543165467625899,1,0.0611510791366906,0.0611510791366906,0.0467625899280576,0.938848920863309,0.838129496402878,0.593525179856115,0.715827338129496,0.679856115107914,0.305755395683453,0.643884892086331,0.557553956834532,0.60431654676259,0.100719424460432,0.0863309352517986
"5305","TIMOR TENGAH UTARA",0.0167113283877082,61.3690177103624,2157,26,0.0207253886010363,0,0.077720207253886,0.0621761658031088,0.191709844559585,0.0569948186528497,0.0362694300518135,0,0.0155440414507772,0.077720207253886,0.709844559585492,0.0466321243523316,0.0103626943005181,1,1,0.0207253886010363,0.652849740932642,1,0.0518134715025907,0.0518134715025907,0.0259067357512953,0.932642487046632,0.704663212435233,0.606217616580311,0.735751295336788,0.647668393782383,0.310880829015544,0.585492227979275,0.637305699481865,0.626943005181347,0.217616580310881,0.077720207253886
"5306","BELU",0.0199304019542188,42.2125121616546,2172,30,0.0493827160493827,0,0.0987654320987654,0.111111111111111,0.111111111111111,0.111111111111111,0.0864197530864197,0.0123456790123457,0.0493827160493827,0.419753086419753,0.37037037037037,0.135802469135802,0.0123456790123457,1,1,0,0.296296296296296,1,0.185185185185185,0.148148148148148,0.123456790123457,0.962962962962963,0.716049382716049,0.580246913580247,0.617283950617284,0.506172839506173,0.246913580246914,0.62962962962963,0.530864197530864,0.518518518518518,0.0864197530864197,0.148148148148148
"5307","ALOR",0.00159128193516395,100.035175435773,2281,3,0.0171428571428571,0,0.0914285714285714,0.0628571428571429,0.245714285714286,0.0228571428571429,0.04,0.00571428571428571,0.0114285714285714,0.297142857142857,0.217142857142857,0.0571428571428571,0.0228571428571429,1,1,0,0.737142857142857,1,0.108571428571429,0.08,0.0114285714285714,0.845714285714286,0.754285714285714,0.6,0.657142857142857,0.611428571428571,0.337142857142857,0.691428571428571,0.622857142857143,0.462857142857143,0.0571428571428571,0.114285714285714
"5308","LEMBATA",0.0133438956187602,51.4771262785303,2005,25,0.0198675496688742,0,0.0794701986754967,0.00662251655629139,0.19205298013245,0.0132450331125828,0.033112582781457,0,0.0132450331125828,0.350993377483444,0.483443708609272,0.0662251655629139,0.0198675496688742,1,0.993377483443709,0.0264900662251656,0.56953642384106,1,0.0596026490066225,0.0529801324503311,0.033112582781457,0.960264900662252,0.582781456953642,0.437086092715232,0.609271523178808,0.450331125827815,0.377483443708609,0.649006622516556,0.688741721854305,0.562913907284768,0.105960264900662,0.0993377483443709
"5309","FLORES TIMUR",0.0206148083046875,55.3624392592165,2168,52,0.008,0,0.028,0.056,0.16,0.024,0.076,0.004,0.016,0.412,0.304,0.08,0.004,1,1,0.036,0.764,1,0.068,0.092,0.04,0.972,0.824,0.46,0.604,0.38,0.312,0.66,0.784,0.472,0.084,0.112
"5310","SIKKA",0.0231617556855426,35.1394158012583,2565,56,0.0154639175257732,0,0.0670103092783505,0.0618556701030928,0.319587628865979,0.0463917525773196,0.0670103092783505,0,0.0206185567010309,0.288659793814433,0.649484536082474,0.0824742268041237,0.0412371134020619,1,1,0.00515463917525773,0.345360824742268,1,0.0721649484536082,0.118556701030928,0.0257731958762887,0.93298969072165,0.876288659793814,0.670103092783505,0.737113402061856,0.623711340206186,0.268041237113402,0.737113402061856,0.762886597938144,0.747422680412371,0.0515463917525773,0.154639175257732
"5311","ENDE",0.0132011845083391,49.4821613483635,2251,36,0.0107913669064748,0,0.0719424460431655,0.0215827338129496,0.158273381294964,0.0287769784172662,0.0431654676258993,0,0.00359712230215827,0.47841726618705,0.111510791366906,0.0539568345323741,0.00719424460431655,1,1,0.0143884892086331,0.474820143884892,0.996402877697842,0.0611510791366906,0.0683453237410072,0.0143884892086331,0.866906474820144,0.79136690647482,0.413669064748201,0.496402877697842,0.467625899280576,0.273381294964029,0.535971223021583,0.62589928057554,0.507194244604317,0.0287769784172662,0.0719424460431655
"5312","NGADA",0.00985672385607181,91.5873657003605,2141,17,0.00485436893203883,0,0.0242718446601942,0.0922330097087379,0.199029126213592,0.0145631067961165,0.0339805825242718,0,0,0.16504854368932,0.368932038834951,0.106796116504854,0.00485436893203883,1,1,0.0242718446601942,0.548543689320388,1,0.0679611650485437,0.0922330097087379,0.0388349514563107,0.830097087378641,0.747572815533981,0.402912621359223,0.597087378640777,0.466019417475728,0.266990291262136,0.660194174757282,0.70873786407767,0.388349514563107,0,0.140776699029126
"5313","MANGGARAI",0.00275170870347267,58.9915398525336,2430,13,0.0134529147982063,0,0.0448430493273543,0.0672645739910314,0.269058295964126,0.00448430493273543,0.0538116591928251,0.00448430493273543,0,0.394618834080717,0.130044843049327,0.130044843049327,0.0134529147982063,1,1,0.00448430493273543,0.551569506726457,0.982062780269058,0.0538116591928251,0.0941704035874439,0.062780269058296,0.932735426008969,0.721973094170404,0.614349775784753,0.721973094170404,0.623318385650224,0.520179372197309,0.677130044843049,0.825112107623318,0.497757847533632,0.0448430493273543,0.170403587443946
"5314","ROTE NDAO",0.00780185636583354,64.8594498689879,2115,17,0.00840336134453781,0,0.100840336134454,0,0.73109243697479,0.00840336134453781,0.0420168067226891,0,0.00840336134453781,0,0.00840336134453781,0.0336134453781513,0,1,1,0,0.235294117647059,1,0.0504201680672269,0.0504201680672269,0.0504201680672269,0.647058823529412,0.554621848739496,0.638655462184874,0.789915966386555,0.747899159663866,0.428571428571429,0.579831932773109,0.630252100840336,0.260504201680672,0.0420168067226891,0.126050420168067
"5315","MANGGARAI BARAT",0.0180096642264261,41.04598035099,2101,42,0.0177514792899408,0,0.0650887573964497,0.0946745562130177,0.201183431952663,0.0236686390532544,0.0473372781065089,0,0,0.461538461538462,0.189349112426035,0.100591715976331,0,1,1,0.0828402366863905,0.674556213017751,0.994082840236686,0.100591715976331,0.0828402366863905,0.0532544378698225,0.905325443786982,0.627218934911243,0.57396449704142,0.603550295857988,0.603550295857988,0.467455621301775,0.479289940828402,0.63905325443787,0.609467455621302,0.0118343195266272,0.142011834319527
"5316","SUMBA TENGAH",0.00128521350564174,71.4388540301306,2373,5,0.0153846153846154,0,0.123076923076923,0.0153846153846154,0.261538461538462,0.0153846153846154,0,0,0,0.2,0.523076923076923,0.0153846153846154,0,1,1,0.0461538461538462,0.815384615384615,0.969230769230769,0.0615384615384615,0.123076923076923,0.0307692307692308,0.876923076923077,0.830769230769231,0.569230769230769,0.830769230769231,0.830769230769231,0.415384615384615,0.615384615384615,0.492307692307692,0.384615384615385,0.0923076923076923,0.0615384615384615
"5317","SUMBA BARAT DAYA",0.00469615786639505,97.1578655605941,2876,15,0.0114285714285714,0,0.0628571428571429,0.0285714285714286,0.257142857142857,0,0.0514285714285714,0,0,0.114285714285714,0.222857142857143,0.0628571428571429,0,1,1,0,0.188571428571429,0.954285714285714,0.08,0.0514285714285714,0.0228571428571429,0.68,0.731428571428571,0.708571428571429,0.754285714285714,0.754285714285714,0.491428571428571,0.708571428571429,0.468571428571429,0.531428571428571,0.0457142857142857,0.0971428571428571
"5318","NAGEKEO",0.00500270950865828,62.4346776447614,2335,14,0.0176991150442478,0,0.0619469026548673,0.0176991150442478,0.283185840707965,0.0884955752212389,0.0707964601769911,0,0.0176991150442478,0.168141592920354,0.548672566371681,0.176991150442478,0,1,1,0.106194690265487,0.876106194690266,1,0.0530973451327434,0.106194690265487,0.0353982300884956,0.991150442477876,0.646017699115044,0.486725663716814,0.566371681415929,0.628318584070796,0.398230088495575,0.79646017699115,0.743362831858407,0.433628318584071,0.0265486725663717,0.194690265486726
"5319","MANGGARAI TIMUR",0.00334641509738697,63.2731670710258,2113,11,0.0113636363636364,0,0.0965909090909091,0.0738636363636364,0.284090909090909,0.0170454545454545,0.0170454545454545,0,0.00568181818181818,0.488636363636364,0.107954545454545,0.0909090909090909,0.0170454545454545,1,0.994318181818182,0.0738636363636364,0.346590909090909,1,0.0852272727272727,0.0852272727272727,0.0568181818181818,0.982954545454545,0.869318181818182,0.573863636363636,0.738636363636364,0.727272727272727,0.505681818181818,0.625,0.676136363636364,0.5625,0.00568181818181818,0.193181818181818
"5320","SABU RAIJUA",0.00324109978134311,88.5245133194968,2133,8,0.0317460317460317,0,0.0952380952380952,0,0.857142857142857,0,0.0158730158730159,0,0,0.0793650793650794,0.0317460317460317,0,0.0476190476190476,1,1,0,0.777777777777778,1,0.0317460317460317,0.0952380952380952,0.0317460317460317,0.920634920634921,0.857142857142857,0.650793650793651,0.698412698412698,0.650793650793651,0.53968253968254,0.666666666666667,0.634920634920635,0.380952380952381,0.158730158730159,0.0793650793650794
"5321","MALAKA",0.00843630193680291,53.6444273387736,1949,23,0.0078740157480315,0,0.0866141732283465,0.0866141732283465,0.102362204724409,0.031496062992126,0.0236220472440945,0,0.0078740157480315,0.307086614173228,0.362204724409449,0.110236220472441,0,1,1,0,0.125984251968504,1,0.078740157480315,0.094488188976378,0.015748031496063,0.952755905511811,0.937007874015748,0.62992125984252,0.677165354330709,0.732283464566929,0.220472440944882,0.519685039370079,0.401574803149606,0.440944881889764,0.0866141732283465,0.133858267716535
"5371","KUPANG",0.0183596670076385,32.0767059172292,2465,72,0.235294117647059,0,0.117647058823529,0.137254901960784,0.666666666666667,0.392156862745098,0.568627450980392,0.0588235294117647,0.294117647058824,0.0392156862745098,0,0.666666666666667,0.0588235294117647,1,1,0,0.509803921568627,0.96078431372549,0.588235294117647,0.666666666666667,0.254901960784314,0.862745098039216,0.862745098039216,0.686274509803922,0.509803921568627,0.588235294117647,0.294117647058824,0.725490196078431,0.705882352941177,0.549019607843137,0.0392156862745098,0.0784313725490196
"6101","SAMBAS",0.0117982243222933,32.6091087815782,2628,36,0.0205128205128205,0,0.0564102564102564,0.0871794871794872,0.369230769230769,0.0564102564102564,0.153846153846154,0.00512820512820513,0.302564102564103,0.928205128205128,0,0.148717948717949,0.107692307692308,1,1,0,0.958974358974359,1,0.179487179487179,0.153846153846154,0.117948717948718,0.917948717948718,0.841025641025641,0.758974358974359,0.466666666666667,0.625641025641026,0.538461538461538,0.728205128205128,0.815384615384615,0.738461538461539,0.0358974358974359,0.0820512820512821
"6102","BENGKAYANG",0.0303129049494991,43.3866644240578,2088,53,0.0161290322580645,0,0.0403225806451613,0.0967741935483871,0.459677419354839,0.0161290322580645,0.0725806451612903,0,0.217741935483871,0.92741935483871,0,0.0645161290322581,0.0725806451612903,1,1,0.0483870967741935,0.645161290322581,0.991935483870968,0.104838709677419,0.0887096774193548,0.0241935483870968,0.774193548387097,0.717741935483871,0.524193548387097,0.451612903225806,0.556451612903226,0.451612903225806,0.693548387096774,0.733870967741935,0.532258064516129,0.00806451612903226,0.112903225806452
"6103","LANDAK",0.00668194209190038,60.3772289105089,2351,17,0.00641025641025641,0,0.108974358974359,0,0.391025641025641,0.0128205128205128,0.0705128205128205,0.0128205128205128,0.262820512820513,0.365384615384615,0.66025641025641,0.0897435897435897,0.0448717948717949,1,0.993589743589744,0.0256410256410256,0.365384615384615,0.923076923076923,0.0897435897435897,0.0512820512820513,0.0256410256410256,0.801282051282051,0.666666666666667,0.711538461538462,0.608974358974359,0.75,0.576923076923077,0.75,0.814102564102564,0.621794871794872,0.0192307692307692,0.192307692307692
"6104","MEMPAWAH",0.0250784370102032,38.6533345080107,2347,59,0.0298507462686567,0,0.0298507462686567,0.17910447761194,0.253731343283582,0.0597014925373134,0.223880597014925,0,0.343283582089552,0.895522388059702,0,0.194029850746269,0.104477611940299,1,1,0.0895522388059701,0.701492537313433,0.985074626865672,0.149253731343284,0.238805970149254,0.0746268656716418,0.82089552238806,0.686567164179104,0.626865671641791,0.522388059701492,0.626865671641791,0.641791044776119,0.761194029850746,0.746268656716418,0.477611940298507,0.0447761194029851,0.0895522388059701
"6105","SANGGAU",0.00633941332644047,43.7568777743434,2404,27,0.0228571428571429,0,0.0971428571428571,0.00571428571428571,0.36,0.0685714285714286,0.0971428571428571,0.0228571428571429,0.222857142857143,0.571428571428571,0.611428571428571,0.08,0.0571428571428571,1,1,0.0571428571428571,0.697142857142857,0.925714285714286,0.114285714285714,0.12,0.0514285714285714,0.92,0.64,0.697142857142857,0.617142857142857,0.76,0.48,0.691428571428571,0.725714285714286,0.617142857142857,0.0228571428571429,0.177142857142857
"6106","KETAPANG",0.0115275235973943,47.4232591094432,2339,29,0.0114503816793893,0.00381679389312977,0.0343511450381679,0.0648854961832061,0.526717557251908,0.0687022900763359,0.099236641221374,0.0190839694656489,0.278625954198473,0.679389312977099,0.175572519083969,0.106870229007634,0.0954198473282443,0.984732824427481,0.973282442748092,0.083969465648855,0.442748091603053,0.931297709923664,0.110687022900763,0.083969465648855,0.0725190839694656,0.889312977099237,0.748091603053435,0.553435114503817,0.49236641221374,0.545801526717557,0.358778625954198,0.465648854961832,0.526717557251908,0.286259541984733,0.0343511450381679,0.0801526717557252
"6107","SINTANG",0.0207413150663111,47.5844050146301,2363,38,0.0122850122850123,0,0.0491400491400491,0.00245700245700246,0.216216216216216,0.00982800982800983,0.0737100737100737,0.0294840294840295,0.194103194103194,0.461916461916462,0.481572481572482,0.0491400491400491,0.0343980343980344,0.995085995085995,0.995085995085995,0.0393120393120393,0.378378378378378,0.958230958230958,0.0761670761670762,0.0614250614250614,0.0319410319410319,0.746928746928747,0.658476658476658,0.523341523341523,0.469287469287469,0.535626535626536,0.402948402948403,0.528255528255528,0.493857493857494,0.297297297297297,0.0147420147420147,0.058968058968059
"6108","KAPUAS HULU",0.0391156083899044,45.0544312081067,1940,50,0.0106382978723404,0,0.0780141843971631,0.00709219858156028,0.25177304964539,0.0106382978723404,0.0638297872340425,0.00354609929078014,0.134751773049645,0.617021276595745,0.180851063829787,0.0460992907801418,0.0319148936170213,0.99645390070922,0.982269503546099,0.074468085106383,0.851063829787234,0.932624113475177,0.0957446808510638,0.0602836879432624,0.0319148936170213,0.74113475177305,0.648936170212766,0.397163120567376,0.375886524822695,0.471631205673759,0.24468085106383,0.478723404255319,0.49645390070922,0.386524822695035,0.0141843971631206,0.0531914893617021
"6109","SEKADAU",0.00917817971755806,51.4742371063894,1866,18,0.0106382978723404,0,0.106382978723404,0.0319148936170213,0.553191489361702,0.0319148936170213,0.138297872340426,0,0.159574468085106,0.574468085106383,0.372340425531915,0.074468085106383,0.106382978723404,1,1,0.0425531914893617,0.340425531914894,0.936170212765957,0.106382978723404,0.0957446808510638,0.0531914893617021,0.872340425531915,0.638297872340426,0.776595744680851,0.553191489361702,0.691489361702128,0.404255319148936,0.638297872340426,0.638297872340426,0.478723404255319,0,0
"6110","MELAWI",0.0587480732992287,26.9261151970431,2001,104,0.0177514792899408,0,0.0473372781065089,0.0177514792899408,0.254437869822485,0.029585798816568,0.0591715976331361,0,0.14792899408284,0.402366863905325,0.544378698224852,0.0532544378698225,0.0591715976331361,1,0.952662721893491,0.0710059171597633,0.319526627218935,0.964497041420118,0.0532544378698225,0.0650887573964497,0.0236686390532544,0.781065088757396,0.627218934911243,0.550295857988166,0.568047337278107,0.532544378698225,0.479289940828402,0.562130177514793,0.473372781065089,0.366863905325444,0.029585798816568,0.112426035502959
"6111","KAYONG UTARA",0.0245987937969339,46.1020331456068,2034,35,0.0232558139534884,0,0.232558139534884,0.0232558139534884,0.651162790697674,0.0465116279069767,0.255813953488372,0,0.302325581395349,0.720930232558139,0.186046511627907,0.116279069767442,0.0930232558139535,1,1,0,0.651162790697674,1,0.372093023255814,0.255813953488372,0.0930232558139535,0.906976744186046,0.906976744186046,0.697674418604651,0.418604651162791,0.511627906976744,0.534883720930233,0.720930232558139,0.744186046511628,0.465116279069767,0.0232558139534884,0
"6112","KUBU RAYA",0.0200432480768108,48.0073531617223,2665,52,0.0234375,0.0078125,0.109375,0.09375,0.515625,0.1328125,0.1484375,0.0625,0.3125,0.859375,0.1328125,0.1484375,0.1640625,1,0.9921875,0.0703125,0.6640625,0.9765625,0.1171875,0.15625,0.09375,0.890625,0.6953125,0.484375,0.4921875,0.65625,0.4296875,0.6171875,0.53125,0.359375,0.0390625,0.0859375
"6171","PONTIANAK",0.0421623458230706,27.4966054037252,2735,114,0.344827586206897,0.0689655172413793,0.172413793103448,0.551724137931034,0.103448275862069,0.482758620689655,0.896551724137931,0.206896551724138,0.689655172413793,0,0,0.931034482758621,0.827586206896552,1,1,0,0.448275862068966,0.96551724137931,0.862068965517241,0.827586206896552,0.482758620689655,0.96551724137931,0.862068965517241,0.827586206896552,0.827586206896552,0.758620689655172,0.620689655172414,0.96551724137931,0.96551724137931,0.655172413793103,0.137931034482759,0.655172413793103
"6172","SINGKAWANG",0.0542730918596607,26.3785937589609,2351,125,0.115384615384615,0.0384615384615385,0.115384615384615,0.230769230769231,0.653846153846154,0.346153846153846,0.423076923076923,0,0.5,0,0.346153846153846,0.615384615384615,0.346153846153846,1,1,0,1,1,0.576923076923077,0.576923076923077,0.384615384615385,1,1,0.5,0.269230769230769,0.384615384615385,0.0384615384615385,0.884615384615385,0.846153846153846,0.115384615384615,0.0769230769230769,0.730769230769231
"6201","KOTAWARINGIN BARAT",0.0211095720820374,37.1679652828476,1996,38,0.0206185567010309,0,0.0618556701030928,0.144329896907216,0.793814432989691,0.206185567010309,0.216494845360825,0.0206185567010309,0.505154639175258,0.350515463917526,0.329896907216495,0.288659793814433,0.360824742268041,0.979381443298969,0.979381443298969,0,0.948453608247423,0.979381443298969,0.175257731958763,0.206185567010309,0.11340206185567,0.958762886597938,0.804123711340206,0.443298969072165,0.443298969072165,0.350515463917526,0.422680412371134,0.670103092783505,0.649484536082474,0.422680412371134,0.0206185567010309,0.0515463917525773
"6202","KOTAWARINGIN TIMUR",0.00893539024844813,48.2591454952933,2142,20,0.0216216216216216,0,0.0648648648648649,0.0756756756756757,0.783783783783784,0.12972972972973,0.0864864864864865,0.027027027027027,0.216216216216216,0.367567567567568,0.459459459459459,0.0864864864864865,0.124324324324324,1,0.989189189189189,0.145945945945946,0.8,0.945945945945946,0.0864864864864865,0.0864864864864865,0.0486486486486487,0.794594594594595,0.805405405405405,0.351351351351351,0.427027027027027,0.459459459459459,0.410810810810811,0.52972972972973,0.578378378378378,0.372972972972973,0.027027027027027,0.0864864864864865
"6203","KAPUAS",0.047780836445039,27.4136812477773,2178,83,0.00432900432900433,0,0.0606060606060606,0.0606060606060606,0.476190476190476,0.00865800865800866,0.038961038961039,0.0216450216450216,0.12987012987013,0.584415584415584,0.303030303030303,0.0562770562770563,0.0952380952380952,1,0.991341991341991,0.0432900432900433,0.649350649350649,1,0.051948051948052,0.0432900432900433,0.0216450216450216,0.852813852813853,0.731601731601732,0.272727272727273,0.246753246753247,0.367965367965368,0.329004329004329,0.432900432900433,0.519480519480519,0.454545454545455,0.0346320346320346,0.0735930735930736
"6204","BARITO SELATAN",0.0200452734223109,42.8493217999001,1808,30,0.010752688172043,0,0.0645161290322581,0.0860215053763441,0.591397849462366,0.032258064516129,0.043010752688172,0.010752688172043,0.193548387096774,0.698924731182796,0.10752688172043,0.0967741935483871,0.0860215053763441,1,1,0,0.795698924731183,1,0.0645161290322581,0.0860215053763441,0.0537634408602151,0.806451612903226,0.655913978494624,0.344086021505376,0.505376344086022,0.451612903225806,0.387096774193548,0.548387096774194,0.688172043010753,0.408602150537634,0.021505376344086,0.0645161290322581
"6205","BARITO UTARA",0.0226867127272244,43.4958790101783,1751,24,0.00970873786407767,0,0.087378640776699,0.087378640776699,0.776699029126214,0.058252427184466,0.0485436893203883,0.0194174757281553,0.155339805825243,0.194174757281553,0.155339805825243,0.058252427184466,0.0679611650485437,1,0.990291262135922,0.0194174757281553,0.621359223300971,0.970873786407767,0.058252427184466,0.0776699029126214,0.058252427184466,0.766990291262136,0.757281553398058,0.398058252427184,0.436893203883495,0.41747572815534,0.388349514563107,0.485436893203884,0.475728155339806,0.407766990291262,0.0194174757281553,0.058252427184466
"6206","SUKAMARA",0.00792918913443491,49.1530716328894,1794,21,0.03125,0,0.1875,0.0625,0.90625,0.1875,0.125,0.03125,0.28125,0.90625,0,0.125,0.34375,1,1,0.03125,1,1,0.125,0.15625,0.15625,0.96875,0.90625,0.625,0.59375,0.34375,0.4375,0.625,0.59375,0.3125,0.03125,0.03125
"6207","LAMANDAU",0.0208448163477691,44.7345656812772,1794,33,0.0111111111111111,0,0.1,0.0777777777777778,0.844444444444444,0.0666666666666667,0.0777777777777778,0.0333333333333333,0.211111111111111,0.4,0.422222222222222,0.1,0.0888888888888889,0.977777777777778,0.933333333333333,0.1,0.777777777777778,0.977777777777778,0.133333333333333,0.0888888888888889,0.0666666666666667,0.955555555555556,0.777777777777778,0.4,0.422222222222222,0.433333333333333,0.344444444444444,0.455555555555556,0.311111111111111,0.177777777777778,0.0333333333333333,0.0777777777777778
"6208","SERUYAN",0.0136237804021774,60.0063705836737,1804,24,0.02,0,0.08,0.04,0.8,0.11,0.08,0,0.29,0.35,0.1,0.1,0.11,1,0.99,0.03,0.62,1,0.1,0.1,0.05,0.74,0.74,0.36,0.42,0.45,0.41,0.5,0.52,0.22,0,0.05
"6209","KATINGAN",0.000839604314526343,100.105638493086,1824,3,0.0124223602484472,0,0.0496894409937888,0.0559006211180124,0.770186335403727,0.031055900621118,0.0807453416149068,0.0124223602484472,0.136645962732919,0.217391304347826,0.236024844720497,0.0559006211180124,0.0683229813664596,1,0.987577639751553,0.0248447204968944,0.757763975155279,1,0.0869565217391304,0.0745341614906832,0.0496894409937888,0.869565217391304,0.720496894409938,0.329192546583851,0.46583850931677,0.409937888198758,0.304347826086957,0.496894409937888,0.46583850931677,0.341614906832298,0.0186335403726708,0.031055900621118
"6210","PULANG PISAU",0.0100289080492557,54.9129597532632,1773,17,0.0202020202020202,0,0.0909090909090909,0.0303030303030303,0.727272727272727,0.0404040404040404,0.0707070707070707,0.0101010101010101,0.151515151515152,0.373737373737374,0.101010101010101,0.0808080808080808,0.191919191919192,1,1,0.0606060606060606,0.606060606060606,1,0.121212121212121,0.0707070707070707,0.0606060606060606,0.868686868686869,0.757575757575758,0.323232323232323,0.353535353535354,0.414141414141414,0.393939393939394,0.707070707070707,0.797979797979798,0.383838383838384,0.0101010101010101,0.101010101010101
"6211","GUNUNG MAS",0.0252388571306742,55.9968551592821,1930,34,0.015625,0,0.078125,0.078125,0.484375,0,0.078125,0.0078125,0.140625,0.328125,0,0.046875,0.1640625,1,1,0.0078125,0.9296875,1,0.078125,0.09375,0.0078125,0.703125,0.7265625,0.3359375,0.4375,0.5,0.359375,0.578125,0.5546875,0.4921875,0.0078125,0.0546875
"6212","BARITO TIMUR",0.019379012805931,43.9780782492161,1778,34,0.00970873786407767,0,0.00970873786407767,0.0970873786407767,0.58252427184466,0.0388349514563107,0.0485436893203883,0,0.12621359223301,0.660194174757282,0.242718446601942,0.0776699029126214,0.0970873786407767,1,1,0.0388349514563107,0.893203883495146,1,0.0679611650485437,0.0679611650485437,0.029126213592233,0.786407766990291,0.650485436893204,0.339805825242718,0.41747572815534,0.368932038834951,0.271844660194175,0.621359223300971,0.601941747572815,0.456310679611651,0.029126213592233,0.0388349514563107
"6213","MURUNG RAYA",0.0151961579962033,56.9927686971222,1890,17,0.008,0,0.064,0.072,0.816,0,0.024,0,0.024,0.056,0.072,0.016,0.056,0.992,0.968,0.104,0.872,0.984,0.056,0.064,0.04,0.936,0.888,0.272,0.416,0.472,0.376,0.512,0.48,0.472,0.016,0.112
"6271","PALANGKA RAYA",0.0369975429251339,26.1906884329491,2164,89,0.2,0.0333333333333333,0.0666666666666667,0.266666666666667,0.8,0.166666666666667,0.266666666666667,0.2,0.5,0.1,0.0666666666666667,0.3,0.3,1,0.933333333333333,0.266666666666667,0.266666666666667,1,0.266666666666667,0.233333333333333,0.0666666666666667,0.833333333333333,0.533333333333333,0.266666666666667,0.1,0.266666666666667,0.133333333333333,0.3,0.4,0.1,0,0.0333333333333333
"6301","TANAH LAUT",0.0242007614736429,28.0394167745122,2118,51,0.0222222222222222,0,0.0222222222222222,0.140740740740741,0.414814814814815,0.0888888888888889,0.162962962962963,0,0.607407407407407,0.711111111111111,0.333333333333333,0.133333333333333,0.22962962962963,1,1,0.0222222222222222,0.837037037037037,1,0.148148148148148,0.118518518518519,0.0962962962962963,0.948148148148148,0.792592592592593,0.488888888888889,0.422222222222222,0.533333333333333,0.459259259259259,0.659259259259259,0.725925925925926,0.451851851851852,0.037037037037037,0.0296296296296296
"6302","KOTABARU",0.0222536907373225,38.0218561639849,2213,34,0.0099009900990099,0,0.0742574257425743,0.0742574257425743,0.222772277227723,0.0841584158415842,0.103960396039604,0,0.198019801980198,0.574257425742574,0.227722772277228,0.0742574257425743,0.0792079207920792,1,1,0.0247524752475248,0.668316831683168,1,0.138613861386139,0.0792079207920792,0.0693069306930693,0.96039603960396,0.46039603960396,0.381188118811881,0.381188118811881,0.321782178217822,0.396039603960396,0.54950495049505,0.554455445544555,0.292079207920792,0.0346534653465347,0.0544554455445545
"6303","BANJAR",0.033392652531889,28.8762954619778,2478,80,0.0137931034482759,0,0.0172413793103448,0.0689655172413793,0.217241379310345,0.0413793103448276,0.0793103448275862,0.00344827586206897,0.303448275862069,0.7,0.375862068965517,0.110344827586207,0.179310344827586,1,1,0.0448275862068966,0.986206896551724,0.989655172413793,0.0896551724137931,0.0862068965517241,0.0413793103448276,0.772413793103448,0.489655172413793,0.389655172413793,0.268965517241379,0.355172413793103,0.513793103448276,0.6,0.696551724137931,0.524137931034483,0.0413793103448276,0.0482758620689655
"6304","BARITO KUALA",0.0400840263454046,24.7088290460809,2069,85,0.00497512437810945,0,0.0447761194029851,0.0497512437810945,0.278606965174129,0.00497512437810945,0.0497512437810945,0,0.323383084577114,0.711442786069652,0.119402985074627,0.0398009950248756,0.159203980099502,1,1,0.00497512437810945,0.955223880597015,1,0.0298507462686567,0.0447761194029851,0.0447761194029851,0.736318407960199,0.482587064676617,0.368159203980099,0.223880597014925,0.27363184079602,0.45273631840796,0.532338308457711,0.73134328358209,0.45273631840796,0.0298507462686567,0.0646766169154229
"6305","TAPIN",0.0232447849359074,31.1604445450193,1762,41,0.0148148148148148,0,0.0148148148148148,0.0814814814814815,0.177777777777778,0.0296296296296296,0.140740740740741,0,0.222222222222222,0.718518518518519,0,0.0962962962962963,0.0814814814814815,1,1,0.0296296296296296,0.881481481481482,0.992592592592593,0.0888888888888889,0.103703703703704,0.0666666666666667,0.948148148148148,0.622222222222222,0.377777777777778,0.281481481481481,0.362962962962963,0.4,0.459259259259259,0.548148148148148,0.392592592592593,0.0666666666666667,0.0444444444444444
"6306","HULU SUNGAI SELATAN",0.0458388302013356,21.7096579229046,1912,96,0.027027027027027,0,0.0337837837837838,0.108108108108108,0.290540540540541,0.027027027027027,0.101351351351351,0,0.317567567567568,0.777027027027027,0,0.141891891891892,0.128378378378378,1,1,0.00675675675675676,0.993243243243243,1,0.101351351351351,0.135135135135135,0.0472972972972973,0.986486486486487,0.736486486486487,0.418918918918919,0.324324324324324,0.351351351351351,0.472972972972973,0.682432432432432,0.702702702702703,0.486486486486487,0.0135135135135135,0.0608108108108108
"6307","HULU SUNGAI TENGAH",0.00676342862398047,65.242511270977,2041,8,0.00591715976331361,0,0.0236686390532544,0.0887573964497041,0.183431952662722,0.0236686390532544,0.0887573964497041,0,0.284023668639053,0.514792899408284,0.195266272189349,0.0591715976331361,0.130177514792899,1,1,0,0.834319526627219,1,0.0769230769230769,0.0887573964497041,0.0473372781065089,0.816568047337278,0.781065088757396,0.597633136094675,0.449704142011834,0.384615384615385,0.603550295857988,0.816568047337278,0.85207100591716,0.562130177514793,0.0591715976331361,0.224852071005917
"6308","HULU SUNGAI UTARA",0.0187449239307712,39.0871697448812,1883,32,0.0091324200913242,0,0.0136986301369863,0.045662100456621,0.132420091324201,0.0045662100456621,0.0730593607305936,0,0.19634703196347,0.707762557077626,0.0091324200913242,0.091324200913242,0.136986301369863,1,1,0.0091324200913242,0.721461187214612,0.995433789954338,0.0502283105022831,0.091324200913242,0.0547945205479452,0.835616438356164,0.611872146118721,0.26027397260274,0.159817351598174,0.287671232876712,0.36986301369863,0.643835616438356,0.748858447488584,0.406392694063927,0.0273972602739726,0.0730593607305936
"6309","TABALONG",0.0176794528468684,35.2040686762315,2030,42,0.0152671755725191,0,0.0229007633587786,0.114503816793893,0.0763358778625954,0.0610687022900763,0.16793893129771,0,0.33587786259542,0.633587786259542,0.251908396946565,0.16793893129771,0.229007633587786,1,1,0.0229007633587786,0.900763358778626,1,0.137404580152672,0.083969465648855,0.0763358778625954,0.900763358778626,0.587786259541985,0.374045801526718,0.221374045801527,0.358778625954198,0.564885496183206,0.633587786259542,0.67175572519084,0.488549618320611,0.0916030534351145,0.083969465648855
"6310","TANAH BUMBU",0.0281239694974364,31.7762140464432,2328,64,0.0191082802547771,0,0.0445859872611465,0.0445859872611465,0.0127388535031847,0.121019108280255,0.178343949044586,0,0.235668789808917,0.923566878980892,0,0.222929936305732,0.21656050955414,1,1,0.00636942675159236,0.993630573248408,1,0.184713375796178,0.159235668789809,0.0955414012738854,0.929936305732484,0.656050955414013,0.375796178343949,0.343949044585987,0.375796178343949,0.45859872611465,0.598726114649682,0.630573248407643,0.369426751592357,0.0191082802547771,0.101910828025478
"6311","BALANGAN",0.050295040537023,33.035198051308,1827,58,0.00641025641025641,0,0.00641025641025641,0.0705128205128205,0.0897435897435897,0,0.0705128205128205,0,0.0705128205128205,0.923076923076923,0,0.0384615384615385,0.108974358974359,1,1,0.0769230769230769,0.923076923076923,1,0.0705128205128205,0.0448717948717949,0.0384615384615385,0.935897435897436,0.487179487179487,0.365384615384615,0.256410256410256,0.237179487179487,0.474358974358974,0.634615384615385,0.66025641025641,0.365384615384615,0.032051282051282,0.0512820512820513
"6371","BANJARMASIN",0.0258791219839701,25.5972716384087,2380,80,0.173076923076923,0,0,0.557692307692308,0.403846153846154,0.75,0.865384615384615,0.115384615384615,0.826923076923077,0.134615384615385,0.0192307692307692,0.942307692307692,0.826923076923077,1,1,0,0.75,1,0.596153846153846,0.653846153846154,0.461538461538462,0.903846153846154,0.807692307692308,0.576923076923077,0.519230769230769,0.480769230769231,0.423076923076923,0.75,0.653846153846154,0.442307692307692,0,0.230769230769231
"6372","BANJARBARU",0.0354721383181024,31.6090641091098,1886,53,0.4,0,0.05,0.45,0.6,0.8,0.75,0,0.8,0.55,0.2,0.85,0.75,1,1,0.05,0.6,1,0.65,0.65,0.55,0.95,0.95,0.8,0.85,0.7,0.45,0.9,0.85,0.4,0.05,0.25
"6401","PASER",0.0131519692816034,41.7847124504695,1913,30,0.0138888888888889,0,0.0625,0.0694444444444444,0.75,0.0902777777777778,0.0833333333333333,0.0555555555555556,0.131944444444444,0.201388888888889,0.402777777777778,0.0972222222222222,0.0555555555555556,1,0.993055555555556,0.0138888888888889,0.715277777777778,0.993055555555556,0.125,0.131944444444444,0.0763888888888889,0.930555555555556,0.618055555555556,0.416666666666667,0.416666666666667,0.465277777777778,0.347222222222222,0.555555555555556,0.666666666666667,0.277777777777778,0.0347222222222222,0.0763888888888889
"6402","KUTAI BARAT",0.0207462696502046,41.5234940047987,1977,43,0.0154639175257732,0,0.0618556701030928,0.0257731958762887,0.654639175257732,0.0360824742268041,0.0979381443298969,0.00515463917525773,0.149484536082474,0.118556701030928,0.0515463917525773,0.11340206185567,0.077319587628866,1,1,0.0103092783505155,0.881443298969072,1,0.0979381443298969,0.134020618556701,0.0360824742268041,0.701030927835051,0.628865979381443,0.335051546391753,0.407216494845361,0.438144329896907,0.324742268041237,0.402061855670103,0.427835051546392,0.293814432989691,0.0309278350515464,0.0721649484536082
"6403","KUTAI KARTANEGARA",0.0262500616884174,39.476345870945,2625,52,0.0125,0,0.0916666666666667,0.0458333333333333,0.791666666666667,0.125,0.145833333333333,0.00833333333333333,0.341666666666667,0.0666666666666667,0.1875,0.254166666666667,0.225,1,0.995833333333333,0.0208333333333333,0.925,0.995833333333333,0.141666666666667,0.154166666666667,0.0916666666666667,0.8625,0.745833333333333,0.379166666666667,0.454166666666667,0.479166666666667,0.4375,0.741666666666667,0.720833333333333,0.395833333333333,0.0333333333333333,0.154166666666667
"6404","KUTAI TIMUR",0.0166806658909984,34.0553865600268,2163,38,0.0394736842105263,0,0.118421052631579,0.0197368421052632,0.736842105263158,0.138157894736842,0.151315789473684,0,0.355263157894737,0.111842105263158,0.0921052631578947,0.171052631578947,0.138157894736842,0.986842105263158,0.986842105263158,0.0328947368421053,0.592105263157895,0.980263157894737,0.184210526315789,0.131578947368421,0.118421052631579,0.875,0.585526315789474,0.328947368421053,0.322368421052632,0.355263157894737,0.335526315789474,0.532894736842105,0.506578947368421,0.361842105263158,0.00657894736842105,0.0394736842105263
"6405","BERAU",0.00751572439559865,49.2741087301992,2101,16,0.0181818181818182,0,0.0818181818181818,0.109090909090909,0.854545454545454,0.0909090909090909,0.145454545454545,0,0.145454545454545,0.463636363636364,0.3,0.172727272727273,0.109090909090909,1,1,0.0272727272727273,0.709090909090909,1,0.172727272727273,0.163636363636364,0.136363636363636,0.909090909090909,0.836363636363636,0.3,0.163636363636364,0.236363636363636,0.154545454545455,0.563636363636364,0.309090909090909,0.445454545454545,0,0.0454545454545455
"6409","PENAJAM PASER UTARA",0.0202011462749756,40.9613470639473,1975,28,0.037037037037037,0,0.166666666666667,0.037037037037037,0.777777777777778,0.0925925925925926,0.259259259259259,0,0.314814814814815,0.0740740740740741,0.425925925925926,0.37037037037037,0.166666666666667,1,1,0.0185185185185185,0.685185185185185,1,0.148148148148148,0.240740740740741,0.166666666666667,0.796296296296296,0.740740740740741,0.592592592592593,0.666666666666667,0.62962962962963,0.592592592592593,0.796296296296296,0.833333333333333,0.555555555555556,0.037037037037037,0.148148148148148
"6411","MAHAKAM ULU",0,NA,1818,0,0.04,0,0.14,0.02,0.78,0,0.08,0,0.04,0.02,0,0.16,0.02,0.98,1,0.06,0.66,1,0.2,0.16,0.06,0.84,0.84,0.26,0.5,0.48,0.38,0.46,0.4,0.14,0,0.08
"6471","BALIKPAPAN",0.0430751265068143,30.1704394207242,2465,89,0.323529411764706,0.0588235294117647,0,0.794117647058823,0.264705882352941,0.852941176470588,0.852941176470588,0.323529411764706,0.764705882352941,0.0882352941176471,0,0.970588235294118,0.852941176470588,1,1,0,0.470588235294118,1,0.852941176470588,0.882352941176471,0.529411764705882,1,0.941176470588235,0.764705882352941,0.705882352941177,0.647058823529412,0.470588235294118,0.941176470588235,0.911764705882353,0.764705882352941,0.0588235294117647,0.205882352941176
"6472","SAMARINDA",0.0363656686342414,24.0481039553641,2953,103,0.186440677966102,0,0.11864406779661,0.288135593220339,0.322033898305085,0.627118644067797,0.779661016949153,0.0169491525423729,0.728813559322034,0.0338983050847458,0,0.915254237288136,0.813559322033898,1,1,0,0.830508474576271,1,0.610169491525424,0.593220338983051,0.423728813559322,0.932203389830508,0.76271186440678,0.406779661016949,0.305084745762712,0.338983050847458,0.796610169491525,0.711864406779661,0.88135593220339,0.305084745762712,0.0169491525423729,0.525423728813559
"6474","BONTANG",0.0362737230433931,27.8582618142989,2036,79,0.266666666666667,0,0.2,0.2,0.0666666666666667,0.6,0.6,0.133333333333333,0.4,0.133333333333333,0,0.8,0.866666666666667,1,0.933333333333333,0.0666666666666667,0.866666666666667,1,0.666666666666667,0.733333333333333,0.4,0.933333333333333,1,0.8,0.866666666666667,0.933333333333333,0.733333333333333,0.933333333333333,1,0.8,0.666666666666667,0.8
"6501","MALINAU",0.00585918751501207,47.7212045068362,2112,20,0.0275229357798165,0,0.073394495412844,0.0917431192660551,0.715596330275229,0.00917431192660551,0.0458715596330275,0,0.100917431192661,0.119266055045872,0.00917431192660551,0.0642201834862385,0.0458715596330275,0.972477064220184,0.944954128440367,0.0642201834862385,0.275229357798165,0.688073394495413,0.155963302752294,0.137614678899083,0.055045871559633,0.678899082568807,0.788990825688073,0.211009174311927,0.284403669724771,0.220183486238532,0.229357798165138,0.339449541284404,0.330275229357798,0.211009174311927,0.00917431192660551,0.018348623853211
"6502","BULUNGAN",0.0592148752277687,30.58281252279,2029,91,0.0123456790123457,0,0.123456790123457,0.0246913580246914,0.506172839506173,0.0987654320987654,0.172839506172839,0.0123456790123457,0.172839506172839,0.320987654320988,0.0246913580246914,0.259259259259259,0.0987654320987654,1,1,0.0864197530864197,0.641975308641975,0.925925925925926,0.172839506172839,0.148148148148148,0.0864197530864197,0.740740740740741,0.716049382716049,0.283950617283951,0.37037037037037,0.419753086419753,0.345679012345679,0.617283950617284,0.493827160493827,0.308641975308642,0.135802469135802,0.148148148148148
"6503","TANA TIDUNG",0.00573378821784174,59.9223887692276,1871,12,0.0625,0,0,0.15625,0.5,0,0.15625,0,0,0,0,0.15625,0.03125,1,1,0.03125,0.5625,0.96875,0.1875,0.25,0.09375,0.78125,0.875,0.25,0.0625,0.1875,0.28125,0.375,0.3125,0.15625,0,0
"6504","NUNUKAN",0.0181580559035461,45.8447977136689,2098,35,0.012396694214876,0,0.00826446280991736,0.0702479338842975,0.347107438016529,0.0247933884297521,0.0661157024793388,0.012396694214876,0.0619834710743802,0.0537190082644628,0,0.0702479338842975,0.0247933884297521,0.921487603305785,0.814049586776859,0.152892561983471,0.367768595041322,0.838842975206612,0.0867768595041322,0.0454545454545455,0.0495867768595041,0.305785123966942,0.285123966942149,0.132231404958678,0.111570247933884,0.107438016528926,0.119834710743802,0.148760330578512,0.132231404958678,0.103305785123967,0.0165289256198347,0.0289256198347107
"6571","TARAKAN",0.0270793595932741,31.585707971928,2339,63,0.3,0,0,0.3,0.1,0.55,0.9,0,0.75,0,0,0.9,0.6,1,1,0,1,1,0.75,0.8,0.55,0.9,0.95,0.75,0.8,0.8,0.7,0.85,0.9,0.75,0.1,0.35
"7101","BOLAANG MONGONDOW",0.0143008214219966,35.0457446912731,2226,34,0.0099009900990099,0,0.0544554455445545,0.0346534653465347,0.222772277227723,0.0297029702970297,0.118811881188119,0.0099009900990099,0.153465346534653,0.0792079207920792,0.292079207920792,0.0891089108910891,0.00495049504950495,1,1,0,0.633663366336634,1,0.0940594059405941,0.0891089108910891,0.0148514851485149,0.757425742574257,0.678217821782178,0.331683168316832,0.386138613861386,0.366336633663366,0.440594059405941,0.53960396039604,0.618811881188119,0.297029702970297,0.103960396039604,0.0643564356435644
"7102","MINAHASA",0.0267842266740851,34.0128359960194,2096,51,0.0222222222222222,0,0.0222222222222222,0.0666666666666667,0.0666666666666667,0.037037037037037,0.181481481481481,0.0222222222222222,0.0740740740740741,0.0296296296296296,0,0.125925925925926,0.0185185185185185,1,0.985185185185185,0.0148148148148148,0.52962962962963,0.992592592592593,0.259259259259259,0.303703703703704,0.103703703703704,0.492592592592593,0.72962962962963,0.277777777777778,0.218518518518519,0.32962962962963,0.248148148148148,0.537037037037037,0.707407407407407,0.47037037037037,0.0259259259259259,0.062962962962963
"7103","KEPULAUAN SANGIHE",0.01392937001551,65.3264414666627,1751,16,0.0119760479041916,0,0.0778443113772455,0.0239520958083832,0.467065868263473,0.00598802395209581,0.0838323353293413,0.0179640718562874,0.0239520958083832,0.137724550898204,0.0239520958083832,0.0598802395209581,0.0239520958083832,1,1,0.0239520958083832,0.904191616766467,0.994011976047904,0.101796407185629,0.137724550898204,0.0179640718562874,0.44311377245509,0.844311377245509,0.425149700598802,0.461077844311377,0.359281437125749,0.383233532934132,0.622754491017964,0.550898203592814,0.305389221556886,0.0538922155688623,0.0419161676646707
"7104","KEPULAUAN TALAUD",0,NA,1894,0,0.0130718954248366,0,0.124183006535948,0.0392156862745098,0.143790849673203,0,0.0784313725490196,0,0.0130718954248366,0.111111111111111,0.0130718954248366,0.0588235294117647,0.0392156862745098,1,1,0.0196078431372549,0.65359477124183,1,0.0849673202614379,0.163398692810458,0.0457516339869281,0.529411764705882,0.73202614379085,0.313725490196078,0.339869281045752,0.287581699346405,0.26797385620915,0.69281045751634,0.588235294117647,0.300653594771242,0.0718954248366013,0.0261437908496732
"7105","MINAHASA SELATAN",0.0343776293037991,37.465540192566,1715,54,0.0168539325842697,0,0.0224719101123595,0.0786516853932584,0.101123595505618,0.0393258426966292,0.168539325842697,0.0280898876404494,0.140449438202247,0.0449438202247191,0.0112359550561798,0.0898876404494382,0.0337078651685393,0.99438202247191,0.99438202247191,0.00561797752808989,0.674157303370786,0.99438202247191,0.106741573033708,0.168539325842697,0.0280898876404494,0.578651685393258,0.662921348314607,0.314606741573034,0.308988764044944,0.308988764044944,0.353932584269663,0.612359550561798,0.567415730337079,0.415730337078652,0.0674157303370786,0.0730337078651685
"7106","MINAHASA UTARA",0.0093196309070951,43.7376448479141,1782,29,0.0305343511450382,0,0.0687022900763359,0.0381679389312977,0.16030534351145,0.0458015267175573,0.274809160305344,0.00763358778625954,0.145038167938931,0.450381679389313,0.0610687022900763,0.129770992366412,0.0152671755725191,1,1,0.0610687022900763,0.687022900763359,1,0.244274809160305,0.290076335877863,0.099236641221374,0.66412213740458,0.725190839694656,0.297709923664122,0.351145038167939,0.450381679389313,0.396946564885496,0.610687022900763,0.549618320610687,0.396946564885496,0.083969465648855,0.0305343511450382
"7107","BOLAANG MONGONDOW UTARA",0.00446390088813235,54.0153872590407,1850,10,0.0186915887850467,0,0.0560747663551402,0.0560747663551402,0.205607476635514,0,0.121495327102804,0.0186915887850467,0.0280373831775701,0.327102803738318,0.0186915887850467,0.11214953271028,0.00934579439252336,1,1,0.0186915887850467,0.476635514018692,0.981308411214953,0.0841121495327103,0.149532710280374,0.0560747663551402,0.757009345794392,0.700934579439252,0.448598130841121,0.439252336448598,0.345794392523364,0.308411214953271,0.570093457943925,0.570093457943925,0.373831775700935,0.0747663551401869,0.0373831775700935
"7108","SIAU TAGULANDANG BIARO",0.00275741072704419,74.438467026375,1808,13,0.021978021978022,0,0.0989010989010989,0.0549450549450549,0.241758241758242,0.010989010989011,0.0879120879120879,0,0,0.21978021978022,0,0.043956043956044,0.043956043956044,1,0.978021978021978,0.0549450549450549,0.879120879120879,1,0.131868131868132,0.197802197802198,0.0989010989010989,0.582417582417582,0.813186813186813,0.318681318681319,0.43956043956044,0.43956043956044,0.450549450549451,0.527472527472527,0.494505494505495,0.32967032967033,0.164835164835165,0.043956043956044
"7109","MINAHASA TENGGARA",0.0117964962729186,33.301481852687,1846,33,0.0138888888888889,0,0.0486111111111111,0.0347222222222222,0.0277777777777778,0.00694444444444444,0.145833333333333,0.0277777777777778,0.0972222222222222,0.145833333333333,0,0.125,0.0555555555555556,0.993055555555556,0.993055555555556,0.00694444444444444,0.75,0.993055555555556,0.145833333333333,0.208333333333333,0.0486111111111111,0.520833333333333,0.756944444444444,0.256944444444444,0.159722222222222,0.229166666666667,0.208333333333333,0.513888888888889,0.631944444444444,0.263888888888889,0.0138888888888889,0.0833333333333333
"7110","BOLAANG MONGONDOW SELATAN",0.00404639680798462,79.0841353495186,1998,10,0.0123456790123457,0,0.0493827160493827,0.0740740740740741,0.469135802469136,0,0.0617283950617284,0,0.0493827160493827,0.172839506172839,0.0123456790123457,0.0740740740740741,0,1,1,0,0.901234567901235,1,0.123456790123457,0.0740740740740741,0.0740740740740741,0.716049382716049,0.839506172839506,0.481481481481481,0.530864197530864,0.45679012345679,0.444444444444444,0.604938271604938,0.592592592592593,0.296296296296296,0.0493827160493827,0.0617283950617284
"7111","BOLAANG MONGONDOW TIMUR",0.00640452247103724,58.780189293367,1934,14,0.0123456790123457,0,0.0493827160493827,0.037037037037037,0.271604938271605,0,0.0987654320987654,0.0123456790123457,0.111111111111111,0.320987654320988,0.0246913580246914,0.0864197530864197,0,1,1,0.0123456790123457,0.296296296296296,1,0.123456790123457,0.111111111111111,0.0740740740740741,0.814814814814815,0.641975308641975,0.382716049382716,0.530864197530864,0.493827160493827,0.395061728395062,0.728395061728395,0.641975308641975,0.45679012345679,0.0740740740740741,0.0246913580246914
"7171","MANADO",0.0179636504427037,46.3659720527799,2203,41,0.183908045977011,0.0229885057471264,0.0919540229885057,0.114942528735632,0.390804597701149,0.229885057471264,0.71264367816092,0.0114942528735632,0.0574712643678161,0,0,0.597701149425287,0.0804597701149425,0.988505747126437,0.988505747126437,0.0919540229885057,0.35632183908046,0.919540229885057,0.724137931034483,0.701149425287356,0.379310344827586,0.482758620689655,0.67816091954023,0.459770114942529,0.505747126436782,0.482758620689655,0.275862068965517,0.655172413793103,0.64367816091954,0.528735632183908,0.0689655172413793,0.137931034482759
"7172","BITUNG",0.0227774854343177,52.0908570232269,2038,29,0.072463768115942,0,0.101449275362319,0.0434782608695652,0.565217391304348,0.0579710144927536,0.304347826086957,0.0289855072463768,0.115942028985507,0.710144927536232,0.0579710144927536,0.289855072463768,0.0434782608695652,1,1,0.0289855072463768,0.260869565217391,1,0.333333333333333,0.36231884057971,0.217391304347826,0.739130434782609,0.695652173913043,0.333333333333333,0.420289855072464,0.405797101449275,0.623188405797101,0.695652173913043,0.72463768115942,0.420289855072464,0.0144927536231884,0.115942028985507
"7173","TOMOHON",0.00896397361797759,38.6842513182347,1756,25,0.0681818181818182,0,0.113636363636364,0.0454545454545455,0.590909090909091,0.0681818181818182,0.477272727272727,0.0227272727272727,0.0227272727272727,0.113636363636364,0,0.363636363636364,0.113636363636364,1,1,0.0681818181818182,0.795454545454545,1,0.5,0.659090909090909,0.318181818181818,0.727272727272727,0.977272727272727,0.318181818181818,0.318181818181818,0.431818181818182,0.386363636363636,0.659090909090909,0.75,0.636363636363636,0.0227272727272727,0.0909090909090909
"7174","KOTAMOBAGU",0.0231504496564952,41.6573077414899,1975,35,0.0909090909090909,0,0.0909090909090909,0.0606060606060606,0.333333333333333,0.151515151515152,0.454545454545455,0.212121212121212,0.545454545454545,0.545454545454545,0.0303030303030303,0.575757575757576,0.151515151515152,1,1,0.0303030303030303,0.939393939393939,1,0.484848484848485,0.515151515151515,0.272727272727273,0.939393939393939,0.787878787878788,0.545454545454545,0.242424242424242,0.606060606060606,0.454545454545455,0.727272727272727,0.787878787878788,0.515151515151515,0.0606060606060606,0.0909090909090909
"7201","BANGGAI KEPULAUAN",0.0173296445998556,49.5241558943046,1766,20,0.0138888888888889,0,0.0763888888888889,0.0208333333333333,0.284722222222222,0,0.0208333333333333,0,0.0694444444444444,0.506944444444444,0.270833333333333,0.0972222222222222,0.0486111111111111,1,1,0.00694444444444444,0.805555555555556,1,0.0694444444444444,0.0833333333333333,0.0277777777777778,0.881944444444444,0.673611111111111,0.479166666666667,0.631944444444444,0.430555555555556,0.430555555555556,0.763888888888889,0.638888888888889,0.444444444444444,0.00694444444444444,0.125
"7202","BANGGAI",0.0106336922596451,78.9597389545892,2290,15,0.00890207715133531,0.0029673590504451,0.0385756676557863,0.0415430267062315,0.29080118694362,0.029673590504451,0.0652818991097923,0,0.106824925816024,0.554896142433234,0.261127596439169,0.115727002967359,0.0534124629080119,0.997032640949555,0.997032640949555,0.121661721068249,0.587537091988131,0.997032640949555,0.0741839762611276,0.0771513353115727,0.0623145400593472,0.833827893175074,0.673590504451039,0.320474777448071,0.370919881305638,0.353115727002967,0.287833827893175,0.486646884272997,0.513353115727003,0.281899109792285,0.0207715133531157,0.0593471810089021
"7203","MOROWALI",0.00060991186182853,100.187236153217,1891,2,0.0225563909774436,0,0.0902255639097744,0.0075187969924812,0.203007518796992,0.037593984962406,0.112781954887218,0,0.0526315789473684,0.676691729323308,0.0977443609022556,0.255639097744361,0.0827067669172932,1,1,0.0526315789473684,0.593984962406015,1,0.112781954887218,0.172932330827068,0.075187969924812,0.962406015037594,0.451127819548872,0.390977443609023,0.443609022556391,0.398496240601504,0.345864661654135,0.451127819548872,0.466165413533835,0.195488721804511,0.0150375939849624,0.0902255639097744
"7204","POSO",0.0299385715790893,37.7543648773846,1976,48,0.0174418604651163,0,0.0697674418604651,0.0697674418604651,0.290697674418605,0.0174418604651163,0.13953488372093,0,0.156976744186047,0.877906976744186,0,0.215116279069767,0.0523255813953488,1,1,0.00581395348837209,0.656976744186046,1,0.133720930232558,0.162790697674419,0.104651162790698,0.965116279069767,0.854651162790698,0.354651162790698,0.377906976744186,0.430232558139535,0.395348837209302,0.61046511627907,0.691860465116279,0.383720930232558,0.0174418604651163,0.0988372093023256
"7205","DONGGALA",0.0166963095420187,53.7397687933506,2239,19,0.0119760479041916,0,0.0898203592814371,0.0179640718562874,0.383233532934132,0.0119760479041916,0.0359281437125748,0,0.0179640718562874,0.502994011976048,0.275449101796407,0.0718562874251497,0.0838323353293413,1,0.988023952095808,0.0479041916167665,0.449101796407186,1,0.0419161676646707,0.0778443113772455,0.0479041916167665,0.892215568862275,0.598802395209581,0.532934131736527,0.455089820359281,0.497005988023952,0.48502994011976,0.676646706586826,0.652694610778443,0.544910179640719,0.0898203592814371,0.0718562874251497
"7206","TOLI-TOLI",0.0526731353995802,29.6585034469696,2111,74,0.0181818181818182,0,0.127272727272727,0.0363636363636364,0.672727272727273,0.0272727272727273,0.0818181818181818,0.0181818181818182,0.118181818181818,0.618181818181818,0.0818181818181818,0.163636363636364,0.0545454545454545,1,1,0.0181818181818182,0.418181818181818,1,0.0545454545454545,0.0909090909090909,0.0727272727272727,0.909090909090909,0.754545454545455,0.554545454545455,0.536363636363636,0.463636363636364,0.463636363636364,0.509090909090909,0.727272727272727,0.290909090909091,0.0545454545454545,0.0545454545454545
"7207","BUOL",0.00359608195902789,82.5004946813077,2300,6,0.0173913043478261,0,0.0434782608695652,0.0782608695652174,0.478260869565217,0.0260869565217391,0.0434782608695652,0,0.0173913043478261,0.504347826086956,0,0.11304347826087,0.0260869565217391,1,1,0.0347826086956522,0.765217391304348,1,0.11304347826087,0.104347826086957,0.0608695652173913,0.930434782608696,0.660869565217391,0.547826086956522,0.608695652173913,0.539130434782609,0.460869565217391,0.660869565217391,0.643478260869565,0.356521739130435,0.0521739130434783,0.0695652173913043
"7208","PARIGI MOUTONG",0.0226436725394269,32.8855866053534,2651,65,0.0106007067137809,0.00353356890459364,0.0636042402826855,0.0212014134275618,0.222614840989399,0.0176678445229682,0.109540636042403,0.00353356890459364,0.219081272084806,0.763250883392226,0.137809187279152,0.127208480565371,0.0247349823321555,1,0.996466431095406,0.03886925795053,0.590106007067138,1,0.0954063604240283,0.113074204946996,0.049469964664311,0.950530035335689,0.625441696113074,0.501766784452297,0.477031802120141,0.501766784452297,0.342756183745583,0.57243816254417,0.660777385159011,0.328621908127208,0.120141342756184,0.049469964664311
"7209","TOJO UNA-UNA",0.0214797714925083,49.7928341589654,2040,27,0.0205479452054795,0,0.0684931506849315,0.0479452054794521,0.321917808219178,0.00684931506849315,0.0821917808219178,0,0.123287671232877,0.452054794520548,0.150684931506849,0.150684931506849,0.0684931506849315,1,1,0.0205479452054795,0.636986301369863,1,0.123287671232877,0.157534246575342,0.0342465753424658,0.863013698630137,0.712328767123288,0.417808219178082,0.431506849315068,0.431506849315068,0.301369863013699,0.472602739726027,0.534246575342466,0.308219178082192,0.0958904109589041,0.0616438356164384
"7210","SIGI",0.0113947140416689,66.0753885981933,2211,13,0.00564971751412429,0,0.0734463276836158,0.0395480225988701,0.265536723163842,0.0451977401129944,0.0282485875706215,0.00564971751412429,0.141242937853107,0.768361581920904,0,0.129943502824859,0.0564971751412429,1,0.988700564971751,0.0451977401129944,0.717514124293785,1,0.0677966101694915,0.0677966101694915,0.0169491525423729,0.887005649717514,0.542372881355932,0.502824858757062,0.564971751412429,0.536723163841808,0.322033898305085,0.593220338983051,0.412429378531073,0.412429378531073,0.0338983050847458,0.0734463276836158
"7211","BANGGAI LAUT",0.00128119122285948,100.080668954297,1852,4,0.0151515151515152,0,0.0606060606060606,0.0909090909090909,0.287878787878788,0.0303030303030303,0.0757575757575758,0.0151515151515152,0.0151515151515152,0.696969696969697,0.106060606060606,0.121212121212121,0.0454545454545455,1,0.984848484848485,0.136363636363636,0.696969696969697,1,0.106060606060606,0.121212121212121,0.0606060606060606,0.939393939393939,0.621212121212121,0.409090909090909,0.575757575757576,0.515151515151515,0.409090909090909,0.53030303030303,0.560606060606061,0.378787878787879,0.0303030303030303,0.0909090909090909
"7212","MOROWALI UTARA",0.0013745982313987,65.2806792194323,1740,8,0.0158730158730159,0,0.0714285714285714,0.0396825396825397,0.373015873015873,0.0238095238095238,0.0873015873015873,0,0.134920634920635,0.650793650793651,0.0714285714285714,0.158730158730159,0.0634920634920635,1,1,0.0158730158730159,0.849206349206349,1,0.111111111111111,0.142857142857143,0.0873015873015873,0.976190476190476,0.666666666666667,0.5,0.531746031746032,0.452380952380952,0.317460317460317,0.484126984126984,0.563492063492063,0.142857142857143,0.00793650793650794,0.0476190476190476
"7271","PALU",0.0164695063745771,38.4019333125334,2138,30,0.195652173913043,0.0652173913043478,0,0.282608695652174,0.58695652173913,0.326086956521739,0.565217391304348,0.152173913043478,0.478260869565217,0.847826086956522,0.0652173913043478,0.869565217391304,0.304347826086957,1,1,0,0.434782608695652,1,0.630434782608696,0.630434782608696,0.41304347826087,0.934782608695652,0.91304347826087,0.652173913043478,0.41304347826087,0.565217391304348,0.434782608695652,0.760869565217391,0.717391304347826,0.434782608695652,0.0869565217391304,0.434782608695652
"7301","KEPULAUAN SELAYAR",0.0117550938826892,37.0994989691362,1979,24,0.0227272727272727,0,0.159090909090909,0,0.795454545454545,0.0113636363636364,0.0681818181818182,0,0.0340909090909091,0.352272727272727,0.0568181818181818,0.0681818181818182,0.0340909090909091,1,1,0,0.363636363636364,1,0.0454545454545455,0.159090909090909,0.0909090909090909,0.988636363636364,0.818181818181818,0.602272727272727,0.443181818181818,0.545454545454545,0.636363636363636,0.772727272727273,0.670454545454545,0.329545454545455,0.136363636363636,0.0340909090909091
"7302","BULUKUMBA",0.00811058186481183,55.0117557698379,2173,23,0.0147058823529412,0.00735294117647059,0.125,0.0367647058823529,0.463235294117647,0.0735294117647059,0.183823529411765,0,0.242647058823529,0.617647058823529,0.0441176470588235,0.345588235294118,0.102941176470588,1,1,0,0.588235294117647,1,0.125,0.176470588235294,0.0735294117647059,0.992647058823529,0.963235294117647,0.764705882352941,0.713235294117647,0.669117647058823,0.764705882352941,0.75,0.801470588235294,0.588235294117647,0.198529411764706,0.0955882352941176
"7303","BANTAENG",0.00818681523273559,50.1086831449182,1973,20,0.0298507462686567,0,0.17910447761194,0.0149253731343284,0.283582089552239,0.134328358208955,0.26865671641791,0,0.328358208955224,0.641791044776119,0,0.253731343283582,0.0447761194029851,1,1,0.0149253731343284,0.119402985074627,1,0.17910447761194,0.313432835820896,0.17910447761194,1,0.955223880597015,0.805970149253731,0.626865671641791,0.656716417910448,0.701492537313433,0.776119402985075,0.686567164179104,0.537313432835821,0.164179104477612,0.194029850746269
"7304","JENEPONTO",0,NA,2375,0,0.0176991150442478,0,0.132743362831858,0.0530973451327434,0.601769911504425,0.0265486725663717,0.123893805309735,0,0.141592920353982,0.389380530973451,0.0265486725663717,0.230088495575221,0.0707964601769911,1,1,0,0.336283185840708,1,0.0884955752212389,0.15929203539823,0.132743362831858,0.991150442477876,0.955752212389381,0.672566371681416,0.566371681415929,0.601769911504425,0.584070796460177,0.495575221238938,0.566371681415929,0.460176991150442,0.106194690265487,0.0530973451327434
"7305","TAKALAR",0.0161076717648877,41.5024223227375,2320,40,0.0363636363636364,0.00909090909090909,0.118181818181818,0.0363636363636364,0.490909090909091,0.0545454545454545,0.1,0,0.345454545454545,0.409090909090909,0,0.318181818181818,0.0909090909090909,1,1,0,0.245454545454545,1,0.109090909090909,0.0818181818181818,0.109090909090909,0.990909090909091,0.990909090909091,0.681818181818182,0.372727272727273,0.427272727272727,0.618181818181818,0.709090909090909,0.727272727272727,0.436363636363636,0.163636363636364,0.0636363636363636
"7306","GOWA",0.0156906041881526,46.863808927597,2679,39,0.029940119760479,0,0.155688622754491,0,0.664670658682635,0.227544910179641,0.191616766467066,0.0359281437125748,0.275449101796407,0.18562874251497,0.0239520958083832,0.425149700598802,0.119760479041916,1,1,0.0658682634730539,0.44311377245509,1,0.149700598802395,0.239520958083832,0.149700598802395,0.964071856287425,0.970059880239521,0.70059880239521,0.550898203592814,0.610778443113772,0.62874251497006,0.766467065868264,0.712574850299401,0.497005988023952,0.197604790419162,0.125748502994012
"7307","SINJAI",0.00784490426093483,71.5806808549946,2163,16,0.025,0,0.2,0,0.75,0.1125,0.1125,0.0125,0.2125,0.1875,0,0.175,0.1125,1,1,0,0.9375,1,0.1125,0.2,0.15,1,0.9875,0.75,0.3625,0.3875,0.8,0.7875,0.725,0.7,0.2875,0.125
"7308","MAROS",0.017107511900961,37.9073645022178,2507,39,0.0194174757281553,0,0.0970873786407767,0.0388349514563107,0.271844660194175,0.0776699029126214,0.223300970873786,0,0.359223300970874,0.737864077669903,0,0.339805825242718,0.0776699029126214,1,1,0,0.427184466019417,0.990291262135922,0.155339805825243,0.184466019417476,0.155339805825243,0.912621359223301,0.737864077669903,0.669902912621359,0.41747572815534,0.466019417475728,0.553398058252427,0.601941747572815,0.621359223300971,0.485436893203884,0.116504854368932,0.106796116504854
"7309","PANGKAJENE DAN KEPULAUAN",0.00857261912125518,63.6485687227577,2476,20,0.0388349514563107,0,0.213592233009709,0.00970873786407767,0.660194174757282,0.0679611650485437,0.155339805825243,0,0.203883495145631,0.611650485436893,0,0.194174757281553,0.0970873786407767,1,1,0.058252427184466,0.320388349514563,1,0.106796116504854,0.29126213592233,0.184466019417476,0.990291262135922,0.941747572815534,0.679611650485437,0.524271844660194,0.650485436893204,0.669902912621359,0.660194174757282,0.669902912621359,0.407766990291262,0.135922330097087,0.194174757281553
"7310","BARRU",0.00425332039353262,54.357578162652,2036,11,0.0181818181818182,0,0.218181818181818,0,0.527272727272727,0.0727272727272727,0.236363636363636,0,0.181818181818182,0.363636363636364,0.272727272727273,0.272727272727273,0.109090909090909,1,1,0,0.309090909090909,1,0.218181818181818,0.2,0.236363636363636,0.963636363636364,0.909090909090909,0.781818181818182,0.545454545454545,0.618181818181818,0.709090909090909,0.709090909090909,0.781818181818182,0.636363636363636,0.0909090909090909,0.0909090909090909
"7311","BONE",0.00986802689656567,36.5850321170816,2923,33,0.0161290322580645,0,0.0483870967741935,0.0537634408602151,0.220430107526882,0.0376344086021505,0.0833333333333333,0,0.0752688172043011,0.647849462365591,0,0.158602150537634,0.0510752688172043,1,1,0,0.604838709677419,1,0.0698924731182796,0.115591397849462,0.0564516129032258,0.967741935483871,0.876344086021505,0.658602150537634,0.43010752688172,0.389784946236559,0.650537634408602,0.497311827956989,0.559139784946237,0.451612903225806,0.129032258064516,0.0564516129032258
"7312","SOPPENG",0.0139390558469678,44.5949629141833,2038,31,0.0142857142857143,0,0.114285714285714,0.128571428571429,0.614285714285714,0.0285714285714286,0.242857142857143,0,0.2,0.728571428571429,0,0.328571428571429,0.157142857142857,1,1,0.0142857142857143,0.0714285714285714,1,0.0571428571428571,0.314285714285714,0.171428571428571,0.971428571428571,0.957142857142857,0.857142857142857,0.585714285714286,0.428571428571429,0.785714285714286,0.814285714285714,0.742857142857143,0.757142857142857,0.0714285714285714,0.157142857142857
"7313","WAJO",0.0326927358515694,29.9986250913467,2296,76,0.0210526315789474,0,0.0736842105263158,0.0473684210526316,0.289473684210526,0.0421052631578947,0.121052631578947,0,0.136842105263158,0.594736842105263,0.0105263157894737,0.178947368421053,0.105263157894737,1,1,0,0.936842105263158,1,0.0789473684210526,0.142105263157895,0.068421052631579,0.931578947368421,0.757894736842105,0.7,0.389473684210526,0.378947368421053,0.663157894736842,0.594736842105263,0.715789473684211,0.526315789473684,0.121052631578947,0.0473684210526316
"7314","SIDENRENG RAPPANG",0.0129881533958736,45.2594483795932,2379,37,0.0377358490566038,0,0.113207547169811,0.0188679245283019,0.443396226415094,0.0471698113207547,0.216981132075472,0,0.339622641509434,0.877358490566038,0.00943396226415094,0.39622641509434,0.169811320754717,1,1,0,0.632075471698113,1,0.132075471698113,0.264150943396226,0.141509433962264,0.962264150943396,0.952830188679245,0.792452830188679,0.509433962264151,0.575471698113208,0.575471698113208,0.641509433962264,0.641509433962264,0.471698113207547,0.0754716981132075,0.0566037735849057
"7315","PINRANG",0.00699803567876688,42.7952432036323,2317,18,0.0275229357798165,0,0.146788990825688,0.018348623853211,0.440366972477064,0.0825688073394495,0.165137614678899,0,0.256880733944954,0.541284403669725,0.00917431192660551,0.256880733944954,0.357798165137615,1,0.990825688073395,0.00917431192660551,0.321100917431193,1,0.110091743119266,0.192660550458716,0.100917431192661,1,0.926605504587156,0.752293577981651,0.63302752293578,0.477064220183486,0.807339449541284,0.752293577981651,0.825688073394495,0.798165137614679,0.119266055045872,0.100917431192661
"7316","ENREKANG",0.00366075200802742,65.2694732648916,2091,15,0.0155038759689922,0,0.108527131782946,0.00775193798449612,0.550387596899225,0,0.108527131782946,0,0.0775193798449612,0.418604651162791,0.124031007751938,0.131782945736434,0.0930232558139535,1,1,0,0.37984496124031,1,0.0775193798449612,0.170542635658915,0.13953488372093,0.968992248062015,0.875968992248062,0.604651162790698,0.534883720930233,0.511627906976744,0.558139534883721,0.51937984496124,0.751937984496124,0.503875968992248,0.0155038759689922,0.0852713178294574
"7317","LUWU",0.0396922349410176,35.4526599776157,2632,68,0.00881057268722467,0,0.0616740088105727,0.0352422907488987,0.533039647577093,0.0176211453744493,0.136563876651982,0,0.0748898678414097,0.475770925110132,0.0616740088105727,0.18942731277533,0.0616740088105727,1,1,0.013215859030837,0.585903083700441,1,0.105726872246696,0.127753303964758,0.092511013215859,0.955947136563877,0.744493392070485,0.541850220264317,0.555066079295154,0.537444933920705,0.54625550660793,0.612334801762115,0.621145374449339,0.431718061674009,0.0484581497797357,0.110132158590308
"7318","TANA TORAJA",0.00620517480277818,81.1829850087768,2043,10,0.0188679245283019,0,0.106918238993711,0.0314465408805031,0.188679245283019,0.0251572327044025,0.125786163522013,0,0.0314465408805031,0.490566037735849,0.163522012578616,0.10062893081761,0.0251572327044025,1,0.993710691823899,0.050314465408805,0.811320754716981,0.993710691823899,0.106918238993711,0.138364779874214,0.050314465408805,0.89937106918239,0.660377358490566,0.710691823899371,0.691823899371069,0.616352201257862,0.591194968553459,0.660377358490566,0.861635220125786,0.591194968553459,0.0314465408805031,0.213836477987421
"7322","LUWU UTARA",0.0281112691441008,48.176148211715,2174,58,0.0173410404624277,0,0.0751445086705202,0.0173410404624277,0.352601156069364,0.00578034682080925,0.115606936416185,0,0.271676300578035,0.508670520231214,0.104046242774566,0.173410404624277,0.0289017341040462,1,1,0.0173410404624277,0.549132947976879,1,0.0404624277456647,0.127167630057803,0.0635838150289017,0.965317919075145,0.728323699421965,0.526011560693642,0.502890173410405,0.543352601156069,0.549132947976879,0.69364161849711,0.653179190751445,0.38728323699422,0.023121387283237,0.0578034682080925
"7325","LUWU TIMUR",0.00684803682853461,63.0333816805059,2313,17,0.0155038759689922,0,0.124031007751938,0.0155038759689922,0.86046511627907,0.0775193798449612,0.224806201550388,0,0.232558139534884,0.170542635658915,0.0310077519379845,0.255813953488372,0.178294573643411,1,0.992248062015504,0.0232558139534884,0.798449612403101,1,0.13953488372093,0.193798449612403,0.162790697674419,0.968992248062015,0.868217054263566,0.527131782945736,0.348837209302326,0.418604651162791,0.596899224806202,0.713178294573643,0.720930232558139,0.465116279069767,0.0232558139534884,0.062015503875969
"7326","TORAJA UTARA",0.00336994463257822,60.3783135064053,2265,11,0.0264900662251656,0,0.0927152317880795,0.0993377483443709,0.172185430463576,0.0264900662251656,0.0993377483443709,0.0198675496688742,0.0529801324503311,0.66887417218543,0,0.0860927152317881,0.0264900662251656,1,0.993377483443709,0.0198675496688742,0.721854304635762,1,0.0927152317880795,0.119205298013245,0.0860927152317881,0.874172185430464,0.688741721854305,0.629139072847682,0.456953642384106,0.556291390728477,0.589403973509934,0.549668874172185,0.609271523178808,0.52317880794702,0.033112582781457,0.0927152317880795
"7371","MAKASSAR",0.0231750941437276,29.49219823655,3333,84,0.196078431372549,0.124183006535948,0.065359477124183,0.241830065359477,0.156862745098039,0.457516339869281,0.718954248366013,0.0718954248366013,0.320261437908497,0.0261437908496732,0,0.810457516339869,0.254901960784314,1,1,0,0.549019607843137,1,0.699346405228758,0.65359477124183,0.509803921568627,0.594771241830065,0.790849673202614,0.529411764705882,0.261437908496732,0.379084967320261,0.359477124183007,0.568627450980392,0.568627450980392,0.320261437908497,0.065359477124183,0.124183006535948
"7372","PAREPARE",0.0674561347279055,20.7246608141174,2104,179,0.181818181818182,0.0454545454545455,0.363636363636364,0,0.272727272727273,0.272727272727273,0.590909090909091,0,0.227272727272727,0.272727272727273,0,0.909090909090909,0.272727272727273,1,1,0,0.772727272727273,1,0.5,0.5,0.545454545454545,0.772727272727273,0.909090909090909,0.681818181818182,0.5,0.5,0.727272727272727,0.772727272727273,0.863636363636364,0.636363636363636,0.181818181818182,0
"7373","PALOPO",0.0348433875009983,33.4337914807593,2188,51,0.145833333333333,0,0.0208333333333333,0.229166666666667,0.604166666666667,0.145833333333333,0.354166666666667,0,0.104166666666667,0.4375,0,0.541666666666667,0.208333333333333,1,1,0,0.833333333333333,1,0.3125,0.416666666666667,0.3125,0.979166666666667,0.916666666666667,0.645833333333333,0.333333333333333,0.395833333333333,0.520833333333333,0.729166666666667,0.833333333333333,0.5,0.0625,0.166666666666667
"7401","BUTON",0.0335892238032904,52.1722364430022,2257,28,0.0105263157894737,0,0.0631578947368421,0.0947368421052632,0.463157894736842,0.0105263157894737,0.0421052631578947,0,0,0.231578947368421,0.147368421052632,0.147368421052632,0.0631578947368421,1,1,0,0.673684210526316,1,0.0947368421052632,0.157894736842105,0.0947368421052632,0.978947368421053,0.789473684210526,0.547368421052632,0.578947368421053,0.568421052631579,0.442105263157895,0.694736842105263,0.673684210526316,0.494736842105263,0.0631578947368421,0.0736842105263158
"7402","MUNA",0.00357079596439734,99.8647575974989,1965,4,0.00666666666666667,0.0133333333333333,0.0333333333333333,0.193333333333333,0.26,0.0333333333333333,0.106666666666667,0.00666666666666667,0.16,0.04,0.14,0.213333333333333,0.14,1,1,0.0133333333333333,0.826666666666667,1,0.106666666666667,0.166666666666667,0.0866666666666667,0.96,0.88,0.593333333333333,0.633333333333333,0.62,0.493333333333333,0.653333333333333,0.66,0.446666666666667,0.04,0.14
"7403","KONAWE",0.00722819552311386,70.8199953679554,2036,14,0.0056657223796034,0,0.0254957507082153,0.056657223796034,0.0793201133144476,0.0028328611898017,0.0453257790368272,0,0.0481586402266289,0.0396600566572238,0.0169971671388102,0.127478753541076,0.0141643059490085,0.997167138810198,0.997167138810198,0.0226628895184136,0.365439093484419,0.974504249291785,0.0453257790368272,0.0594900849858357,0.0368271954674221,0.75070821529745,0.821529745042493,0.303116147308782,0.280453257790368,0.271954674220963,0.240793201133144,0.410764872521246,0.407932011331445,0.212464589235127,0.0028328611898017,0.0311614730878187
"7404","KOLAKA",0.00439766916256789,55.519242242627,2192,21,0.0222222222222222,0.00740740740740741,0.103703703703704,0.00740740740740741,0.281481481481481,0.0296296296296296,0.0962962962962963,0,0.0666666666666667,0.466666666666667,0.118518518518519,0.185185185185185,0.0814814814814815,1,1,0,0.6,0.977777777777778,0.103703703703704,0.0962962962962963,0.0814814814814815,0.911111111111111,0.851851851851852,0.37037037037037,0.37037037037037,0.392592592592593,0.340740740740741,0.496296296296296,0.503703703703704,0.185185185185185,0.0518518518518519,0.0222222222222222
"7405","KONAWE SELATAN",0.0202407084878101,61.6662977104463,2057,26,0.00284900284900285,0,0.0427350427350427,0.0341880341880342,0.105413105413105,0.0170940170940171,0.0313390313390313,0,0.0512820512820513,0.205128205128205,0.222222222222222,0.102564102564103,0.0142450142450142,1,1,0,0.883190883190883,0.962962962962963,0.037037037037037,0.0512820512820513,0.0256410256410256,0.717948717948718,0.547008547008547,0.421652421652422,0.381766381766382,0.336182336182336,0.344729344729345,0.467236467236467,0.464387464387464,0.304843304843305,0.0341880341880342,0.0227920227920228
"7406","BOMBANA",0.0105701278429603,65.9286681679846,1945,21,0.00689655172413793,0,0.124137931034483,0.0275862068965517,0.131034482758621,0.0275862068965517,0.0758620689655172,0,0,0.289655172413793,0.317241379310345,0.179310344827586,0.0620689655172414,1,1,0,0.593103448275862,1,0.096551724137931,0.117241379310345,0.0758620689655172,0.868965517241379,0.827586206896552,0.455172413793103,0.393103448275862,0.255172413793103,0.344827586206897,0.462068965517241,0.496551724137931,0.227586206896552,0.0482758620689655,0.0206896551724138
"7407","WAKATOBI",0.0108905782984284,60.7671254776312,1956,24,0.01,0,0.09,0.11,0.05,0.03,0.08,0,0.05,0.59,0,0.17,0.14,1,1,0.04,0.89,1,0.12,0.18,0.06,0.93,0.95,0.51,0.5,0.44,0.34,0.63,0.75,0.46,0.04,0.07
"7408","KOLAKA UTARA",0.00414657150700096,57.0024611425891,2012,8,0.0075187969924812,0,0.0601503759398496,0.0601503759398496,0.165413533834586,0.0150375939849624,0.075187969924812,0,0,0.203007518796992,0.56390977443609,0.195488721804511,0.0827067669172932,1,0.992481203007519,0.0150375939849624,0.827067669172932,0.977443609022556,0.0526315789473684,0.075187969924812,0.075187969924812,0.932330827067669,0.87218045112782,0.330827067669173,0.308270676691729,0.255639097744361,0.496240601503759,0.601503759398496,0.601503759398496,0.330827067669173,0.0451127819548872,0.075187969924812
"7409","BUTON UTARA",0.00609521996810083,64.6513977575142,2051,13,0.0111111111111111,0,0.1,0.0333333333333333,0.577777777777778,0.0111111111111111,0.0222222222222222,0,0.0111111111111111,0.0111111111111111,0.0111111111111111,0.0888888888888889,0.0555555555555556,1,1,0,0.822222222222222,1,0.111111111111111,0.122222222222222,0.0666666666666667,0.866666666666667,0.833333333333333,0.411111111111111,0.344444444444444,0.322222222222222,0.377777777777778,0.688888888888889,0.544444444444444,0.344444444444444,0.0333333333333333,0.0555555555555556
"7410","KONAWE UTARA",0.0134505313164068,49.0923804708133,2223,27,0.00588235294117647,0,0.0235294117647059,0.111764705882353,0.0882352941176471,0.00588235294117647,0.0176470588235294,0,0.00588235294117647,0.00588235294117647,0.0529411764705882,0.0705882352941176,0.00588235294117647,1,0.988235294117647,0.0294117647058824,0.2,0.994117647058824,0.0529411764705882,0.0647058823529412,0.0235294117647059,0.682352941176471,0.670588235294118,0.311764705882353,0.405882352941176,0.205882352941176,0.305882352941176,0.482352941176471,0.358823529411765,0.105882352941176,0.0294117647058824,0.0823529411764706
"7411","KOLAKA TIMUR",0.00195646466494347,56.2442239478424,1907,10,0.0075187969924812,0,0.0300751879699248,0.075187969924812,0.0902255639097744,0,0.0451127819548872,0,0.195488721804511,0.548872180451128,0.195488721804511,0.0902255639097744,0.12781954887218,1,1,0,0.676691729323308,0.992481203007519,0.0526315789473684,0.0902255639097744,0.0150375939849624,0.864661654135338,0.81203007518797,0.43609022556391,0.511278195488722,0.398496240601504,0.398496240601504,0.593984962406015,0.571428571428571,0.24812030075188,0.0300751879699248,0.0676691729323308
"7412","KONAWE KEPULAUAN",0.00648158998490728,55.2136794049757,1778,11,0.0104166666666667,0,0.0104166666666667,0.09375,0.166666666666667,0,0.0104166666666667,0,0,0.145833333333333,0.1875,0.0104166666666667,0,1,1,0,0.333333333333333,0.854166666666667,0.09375,0.0625,0.0416666666666667,0.75,0.635416666666667,0.28125,0.385416666666667,0.239583333333333,0.270833333333333,0.229166666666667,0.25,0.114583333333333,0,0
"7413","MUNA BARAT",0.00461277542936292,62.6692836420875,1817,11,0.0116279069767442,0,0.0232558139534884,0.174418604651163,0.325581395348837,0,0.0465116279069767,0.0232558139534884,0.0813953488372093,0.0697674418604651,0.186046511627907,0.13953488372093,0.0465116279069767,1,0.988372093023256,0.0116279069767442,0.744186046511628,1,0.104651162790698,0.13953488372093,0.0697674418604651,0.953488372093023,0.953488372093023,0.558139534883721,0.662790697674419,0.488372093023256,0.418604651162791,0.604651162790698,0.63953488372093,0.36046511627907,0.0697674418604651,0
"7414","BUTON TENGAH",0.00172401599499027,93.5813365564358,2028,7,0.012987012987013,0,0.0909090909090909,0.103896103896104,0.272727272727273,0,0.051948051948052,0,0.0909090909090909,0.246753246753247,0.285714285714286,0.0909090909090909,0.0779220779220779,1,1,0.103896103896104,0.779220779220779,1,0.103896103896104,0.0909090909090909,0.103896103896104,0.961038961038961,0.792207792207792,0.753246753246753,0.623376623376623,0.532467532467532,0.558441558441558,0.688311688311688,0.805194805194805,0.454545454545455,0.051948051948052,0.038961038961039
"7415","BUTON SELATAN",0.00576392637149686,66.1712700178329,2281,10,0.0142857142857143,0,0.1,0.0857142857142857,0.228571428571429,0,0.0428571428571429,0,0.0142857142857143,0.185714285714286,0.342857142857143,0.1,0.0142857142857143,1,1,0.0285714285714286,0.857142857142857,1,0.0285714285714286,0.157142857142857,0.0428571428571429,0.914285714285714,0.914285714285714,0.7,0.614285714285714,0.642857142857143,0.514285714285714,0.671428571428571,0.742857142857143,0.557142857142857,0.0714285714285714,0.114285714285714
"7471","KENDARI",0.0101842465839763,54.1785480357284,2282,22,0.184615384615385,0,0.0769230769230769,0.153846153846154,0.246153846153846,0.184615384615385,0.430769230769231,0.0153846153846154,0.2,0,0.0307692307692308,0.630769230769231,0.215384615384615,1,1,0,0.723076923076923,0.984615384615385,0.492307692307692,0.492307692307692,0.292307692307692,0.907692307692308,0.923076923076923,0.553846153846154,0.446153846153846,0.523076923076923,0.461538461538462,0.723076923076923,0.784615384615385,0.476923076923077,0.0461538461538462,0.0769230769230769
"7472","BAUBAU",0.00533785408827902,50.3441982514545,2170,18,0.0697674418604651,0,0.162790697674419,0.232558139534884,0.209302325581395,0.13953488372093,0.465116279069767,0.0232558139534884,0.186046511627907,0.441860465116279,0.325581395348837,0.534883720930233,0.116279069767442,1,1,0,0.581395348837209,1,0.418604651162791,0.418604651162791,0.348837209302326,0.883720930232558,0.906976744186046,0.627906976744186,0.558139534883721,0.534883720930233,0.395348837209302,0.697674418604651,0.767441860465116,0.534883720930233,0.0930232558139535,0.0697674418604651
"7501","BOALEMO",0.00191651483099536,58.0469901346174,2056,7,0.0240963855421687,0,0.0240963855421687,0.108433734939759,0.481927710843373,0.0843373493975904,0.204819277108434,0,0.108433734939759,0.433734939759036,0.240963855421687,0.192771084337349,0.108433734939759,1,1,0.036144578313253,0.530120481927711,0.987951807228916,0.144578313253012,0.156626506024096,0.0843373493975904,0.91566265060241,0.819277108433735,0.578313253012048,0.650602409638554,0.481927710843373,0.421686746987952,0.734939759036145,0.63855421686747,0.337349397590361,0.0843373493975904,0.072289156626506
"7502","GORONTALO",0.0170866389688913,51.1190585221636,2383,36,0.0195121951219512,0,0.0439024390243902,0.0682926829268293,0.395121951219512,0.136585365853659,0.141463414634146,0,0.0878048780487805,0.35609756097561,0,0.146341463414634,0.0682926829268293,1,1,0.0146341463414634,0.931707317073171,1,0.0878048780487805,0.141463414634146,0.0292682926829268,0.878048780487805,0.790243902439024,0.595121951219512,0.639024390243902,0.492682926829268,0.551219512195122,0.619512195121951,0.614634146341463,0.482926829268293,0.0780487804878049,0.0292682926829268
"7503","POHUWATO",0.000968073172858701,100.095446531688,2082,2,0.019047619047619,0,0.0476190476190476,0.104761904761905,0.228571428571429,0.104761904761905,0.123809523809524,0,0.0285714285714286,0.485714285714286,0,0.0857142857142857,0.104761904761905,1,1,0,0.485714285714286,1,0.133333333333333,0.152380952380952,0.123809523809524,0.819047619047619,0.866666666666667,0.523809523809524,0.638095238095238,0.476190476190476,0.447619047619048,0.619047619047619,0.571428571428571,0.4,0.142857142857143,0.0571428571428571
"7504","BONE BOLANGO",0.00418021973925882,99.746901992747,2254,4,0.0121212121212121,0,0.0303030303030303,0.0909090909090909,0.0909090909090909,0.0666666666666667,0.0909090909090909,0,0.0363636363636364,0.727272727272727,0.0424242424242424,0.103030303030303,0.0303030303030303,1,1,0,0.951515151515152,1,0.0848484848484849,0.121212121212121,0.0121212121212121,0.806060606060606,0.660606060606061,0.36969696969697,0.418181818181818,0.351515151515152,0.503030303030303,0.636363636363636,0.557575757575758,0.460606060606061,0.0727272727272727,0.0424242424242424
"7505","GORONTALO UTARA",0.00495737755535251,79.1170132484659,1872,9,0.0161290322580645,0,0.0403225806451613,0.0806451612903226,0.161290322580645,0.032258064516129,0.0483870967741935,0,0.0483870967741935,0.233870967741935,0.129032258064516,0.104838709677419,0.0161290322580645,1,1,0.0241935483870968,0.887096774193548,1,0.0564516129032258,0.0645161290322581,0.0241935483870968,0.709677419354839,0.580645161290323,0.314516129032258,0.346774193548387,0.258064516129032,0.459677419354839,0.443548387096774,0.540322580645161,0.306451612903226,0.0241935483870968,0.032258064516129
"7571","GORONTALO",0.0354579979275367,42.8691991948157,2024,42,0.14,0.02,0.02,0.18,0.62,0.36,0.58,0,0.28,0.12,0.28,0.64,0.12,1,1,0,0.96,1,0.58,0.58,0.3,0.86,0.86,0.56,0.7,0.62,0.44,0.8,0.76,0.56,0.14,0.04
"7601","MAJENE",0.0153552109958084,57.1772757250201,2316,24,0.024390243902439,0,0.121951219512195,0.0121951219512195,0.5,0.024390243902439,0.0975609756097561,0.024390243902439,0.195121951219512,0.597560975609756,0,0.170731707317073,0,1,1,0,0.365853658536585,1,0.0609756097560976,0.146341463414634,0.0731707317073171,0.98780487804878,0.804878048780488,0.634146341463415,0.536585365853659,0.585365853658537,0.646341463414634,0.597560975609756,0.707317073170732,0.402439024390244,0.195121951219512,0.0975609756097561
"7602","POLEWALI MANDAR",0.015180240881231,42.275753222213,2829,35,0.0239520958083832,0,0.125748502994012,0.00598802395209581,0.37125748502994,0.029940119760479,0.167664670658683,0.0479041916167665,0.101796407185629,0.562874251497006,0.0179640718562874,0.18562874251497,0.0479041916167665,1,0.994011976047904,0.029940119760479,0.377245508982036,0.994011976047904,0.0898203592814371,0.149700598802395,0.0718562874251497,0.92814371257485,0.784431137724551,0.580838323353293,0.526946107784431,0.395209580838323,0.62874251497006,0.652694610778443,0.688622754491018,0.48502994011976,0.143712574850299,0.0778443113772455
"7603","MAMASA",0.0139921117553526,42.740431033275,1946,32,0.0110497237569061,0,0.0607734806629834,0.0386740331491713,0.640883977900553,0,0.0331491712707182,0,0.00552486187845304,0.270718232044199,0.0165745856353591,0.0552486187845304,0.0939226519337017,0.994475138121547,0.994475138121547,0.0110497237569061,0.43646408839779,0.988950276243094,0.0386740331491713,0.0441988950276243,0.0110497237569061,0.878453038674033,0.701657458563536,0.513812154696133,0.629834254143646,0.447513812154696,0.325966850828729,0.497237569060773,0.635359116022099,0.502762430939227,0.0220994475138122,0.121546961325967
"7604","MAMUJU",0.00598455628470246,58.7514787732206,2675,15,0.0198019801980198,0,0.128712871287129,0.099009900990099,0.455445544554455,0.0396039603960396,0.0693069306930693,0,0.108910891089109,0.574257425742574,0,0.108910891089109,0.0495049504950495,1,0.99009900990099,0.0495049504950495,0.316831683168317,1,0.138613861386139,0.148514851485149,0.0891089108910891,0.96039603960396,0.95049504950495,0.702970297029703,0.603960396039604,0.544554455445545,0.673267326732673,0.643564356435644,0.702970297029703,0.405940594059406,0.0495049504950495,0.0693069306930693
"7605","PASANGKAYU",0.0164302016988486,45.7477002001556,2139,25,0.0158730158730159,0,0.158730158730159,0.0793650793650794,0.571428571428571,0.0952380952380952,0.206349206349206,0,0.222222222222222,0.396825396825397,0.222222222222222,0.333333333333333,0.111111111111111,1,1,0.0317460317460317,0.841269841269841,0.984126984126984,0.222222222222222,0.285714285714286,0.111111111111111,0.968253968253968,0.793650793650794,0.507936507936508,0.46031746031746,0.46031746031746,0.571428571428571,0.412698412698413,0.619047619047619,0.253968253968254,0.0476190476190476,0.0317460317460317
"7606","MAMUJU TENGAH",0.0137015350696737,43.5900220320862,1997,32,0.0178571428571429,0,0.142857142857143,0.0535714285714286,0.767857142857143,0.0178571428571429,0.0892857142857143,0,0.0714285714285714,0.446428571428571,0,0.196428571428571,0.107142857142857,1,1,0,0.482142857142857,0.982142857142857,0.142857142857143,0.160714285714286,0.196428571428571,0.964285714285714,0.767857142857143,0.5,0.392857142857143,0.607142857142857,0.517857142857143,0.660714285714286,0.571428571428571,0.464285714285714,0.0357142857142857,0.0357142857142857
"8101","KEPULAUAN TANIMBAR",0.0017677657825047,72.7715784149675,2125,9,0.0449438202247191,0,0.146067415730337,0.0224719101123595,0.438202247191011,0.0112359550561798,0.0449438202247191,0.0112359550561798,0.0337078651685393,0.235955056179775,0.0449438202247191,0.0561797752808989,0.0112359550561798,1,0.955056179775281,0.0786516853932584,0.404494382022472,0.966292134831461,0.112359550561798,0.146067415730337,0.0449438202247191,0.808988764044944,0.51685393258427,0.48314606741573,0.584269662921348,0.595505617977528,0.303370786516854,0.51685393258427,0.393258426966292,0.202247191011236,0.0674157303370786,0.0561797752808989
"8102","MALUKU TENGGARA",0.0160766515602765,71.2759391305945,2353,19,0.0103626943005181,0,0.0518134715025907,0.0569948186528497,0.176165803108808,0.0103626943005181,0.0155440414507772,0,0.00518134715025907,0.300518134715026,0,0.0155440414507772,0.0103626943005181,1,1,0.0103626943005181,0.0932642487046632,0.994818652849741,0.0518134715025907,0.0829015544041451,0.00518134715025907,0.538860103626943,0.373056994818653,0.352331606217617,0.383419689119171,0.284974093264249,0.22279792746114,0.440414507772021,0.316062176165803,0.134715025906736,0.0155440414507772,0
"8103","MALUKU TENGAH",0.00982189632394334,34.4594765637455,2581,39,0.0204081632653061,0,0.122448979591837,0.086734693877551,0.454081632653061,0.0255102040816327,0.0561224489795918,0.00510204081632653,0.0816326530612245,0.316326530612245,0.13265306122449,0.102040816326531,0.0612244897959184,1,0.98469387755102,0.0408163265306122,0.73469387755102,0.989795918367347,0.086734693877551,0.153061224489796,0.0612244897959184,0.86734693877551,0.790816326530612,0.469387755102041,0.505102040816326,0.510204081632653,0.331632653061224,0.540816326530612,0.551020408163265,0.295918367346939,0.0714285714285714,0.0561224489795918
"8104","BURU",0,NA,2169,0,0.0121951219512195,0,0.0609756097560976,0.109756097560976,0.536585365853659,0.024390243902439,0.0487804878048781,0.0731707317073171,0.0487804878048781,0.378048780487805,0.390243902439024,0.134146341463415,0.0365853658536585,0.98780487804878,0.975609756097561,0.195121951219512,0.414634146341463,0.98780487804878,0.0609756097560976,0.109756097560976,0.0609756097560976,0.926829268292683,0.768292682926829,0.439024390243902,0.51219512195122,0.51219512195122,0.280487804878049,0.451219512195122,0.390243902439024,0.341463414634146,0.0121951219512195,0.0731707317073171
"8105","KEPULAUAN ARU",0.00211384203519154,91.7237165592816,2399,11,0.00840336134453781,0,0.109243697478992,0.176470588235294,0.420168067226891,0.0168067226890756,0.0168067226890756,0.00840336134453781,0.0168067226890756,0.176470588235294,0.0336134453781513,0.0168067226890756,0.0168067226890756,1,1,0.00840336134453781,0.19327731092437,1,0.109243697478992,0.151260504201681,0.0420168067226891,0.621848739495798,0.487394957983193,0.34453781512605,0.327731092436975,0.38655462184874,0.134453781512605,0.319327731092437,0.243697478991597,0.159663865546218,0.0336134453781513,0.00840336134453781
"8106","SERAM BAGIAN BARAT",0.00580055864634424,74.8051891790695,2465,10,0.0217391304347826,0,0.108695652173913,0.108695652173913,0.5,0.0326086956521739,0.0543478260869565,0.0217391304347826,0.0434782608695652,0.173913043478261,0.402173913043478,0.0869565217391304,0.0217391304347826,0.989130434782609,0.978260869565217,0.0434782608695652,0.16304347826087,0.989130434782609,0.119565217391304,0.130434782608696,0.0217391304347826,0.75,0.858695652173913,0.423913043478261,0.619565217391304,0.467391304347826,0.41304347826087,0.58695652173913,0.489130434782609,0.239130434782609,0.0652173913043478,0.0869565217391304
"8107","SERAM BAGIAN TIMUR",0.010228972552761,73.6470386999464,2430,18,0.0101010101010101,0,0.0757575757575758,0.0404040404040404,0.287878787878788,0.0101010101010101,0.0151515151515152,0,0.0151515151515152,0.0353535353535354,0.0252525252525253,0.0353535353535354,0.0151515151515152,1,0.94949494949495,0.0606060606060606,0.398989898989899,0.994949494949495,0.0353535353535354,0.0606060606060606,0.0303030303030303,0.621212121212121,0.676767676767677,0.429292929292929,0.555555555555556,0.333333333333333,0.232323232323232,0.373737373737374,0.323232323232323,0.161616161616162,0.0202020202020202,0.0151515151515152
"8108","MALUKU BARAT DAYA",0.00109309140091525,100.112346959204,2303,6,0.00757575757575758,0,0.0606060606060606,0.151515151515152,0.257575757575758,0.00757575757575758,0.00757575757575758,0,0,0.159090909090909,0.0909090909090909,0.0303030303030303,0.0151515151515152,0.977272727272727,0.96969696969697,0.0303030303030303,0.166666666666667,0.96969696969697,0.0303030303030303,0.0681818181818182,0.0227272727272727,0.5,0.636363636363636,0.439393939393939,0.446969696969697,0.363636363636364,0.21969696969697,0.386363636363636,0.325757575757576,0.128787878787879,0.0757575757575758,0.0303030303030303
"8109","BURU SELATAN",0.00742866379133238,41.0026203598854,2522,30,0.0246913580246914,0,0.0617283950617284,0.0864197530864197,0.506172839506173,0,0.0123456790123457,0,0.0123456790123457,0.0246913580246914,0.0123456790123457,0.0493827160493827,0.0123456790123457,1,0.901234567901235,0.172839506172839,0.123456790123457,0.975308641975309,0.148148148148148,0.148148148148148,0.0246913580246914,0.765432098765432,0.691358024691358,0.37037037037037,0.45679012345679,0.407407407407407,0.283950617283951,0.432098765432099,0.395061728395062,0.555555555555556,0.0246913580246914,0.0123456790123457
"8171","AMBON",0.0260734009483385,29.2716809477075,2394,71,0.22,0,0.14,0.34,0.46,0.3,0.48,0.04,0.12,0.18,0.02,0.5,0.08,1,1,0,0.5,1,0.54,0.54,0.42,0.84,0.8,0.42,0.48,0.54,0.52,0.76,0.72,0.38,0.12,0.12
"8172","TUAL",0,NA,2314,0,0.0333333333333333,0,0.133333333333333,0.366666666666667,0.2,0.0666666666666667,0.1,0.0333333333333333,0.0333333333333333,0.4,0.0666666666666667,0.133333333333333,0,1,1,0,0.0666666666666667,1,0.166666666666667,0.266666666666667,0.0666666666666667,0.833333333333333,0.966666666666667,0.4,0.366666666666667,0.333333333333333,0.1,0.2,0.366666666666667,0.2,0.0666666666666667,0.0333333333333333
"8201","HALMAHERA BARAT",0.00771027222604448,60.2665962779883,2002,14,0.00578034682080925,0,0.046242774566474,0.069364161849711,0.0578034682080925,0.00578034682080925,0.0751445086705202,0,0.0520231213872832,0.0809248554913295,0.491329479768786,0.0751445086705202,0.00578034682080925,1,1,0.0289017341040462,0.248554913294798,1,0.069364161849711,0.069364161849711,0.0520231213872832,0.739884393063584,0.531791907514451,0.329479768786127,0.531791907514451,0.323699421965318,0.312138728323699,0.485549132947977,0.421965317919075,0.196531791907514,0.161849710982659,0.104046242774566
"8202","HALMAHERA TENGAH",6.78478580529366e-05,100.236246822168,1960,1,0.0138888888888889,0,0.111111111111111,0.0555555555555556,0.597222222222222,0,0.0694444444444444,0.0138888888888889,0,0.0138888888888889,0,0.0833333333333333,0,1,1,0.194444444444444,0.458333333333333,0.986111111111111,0.138888888888889,0.208333333333333,0.0833333333333333,0.902777777777778,0.75,0.291666666666667,0.5,0.486111111111111,0.375,0.458333333333333,0.305555555555556,0.277777777777778,0.222222222222222,0.0277777777777778
"8203","KEPULAUAN SULA",0.0193494392616164,41.4802955128395,2169,33,0.0125,0,0.05,0.125,0.425,0.0125,0.0625,0.0125,0.025,0.1875,0.275,0.0625,0.05,1,0.9625,0.0875,0.8375,1,0.125,0.075,0.0375,0.9,0.5875,0.45,0.5,0.5125,0.3625,0.3125,0.2875,0.15,0.0125,0.0875
"8204","HALMAHERA SELATAN",0.0055833463278045,50.3136344456636,2294,23,0.01171875,0,0.0546875,0.0703125,0.1171875,0.01171875,0.01953125,0.00390625,0.03125,0.00390625,0.7109375,0.05078125,0.015625,1,1,0.01953125,0.20703125,0.9921875,0.078125,0.1015625,0.03125,0.96484375,0.3671875,0.3203125,0.5,0.4453125,0.3125,0.48046875,0.3671875,0.2890625,0.1484375,0.05078125
"8205","HALMAHERA UTARA",0.0141460878963387,53.3020330226106,2356,28,0.0101010101010101,0,0.0606060606060606,0.0505050505050505,0.181818181818182,0.0252525252525253,0.0555555555555556,0,0.0404040404040404,0.095959595959596,0.48989898989899,0.101010101010101,0,1,0.994949494949495,0.0909090909090909,0.252525252525253,1,0.095959595959596,0.0858585858585859,0.0353535353535354,0.787878787878788,0.353535353535354,0.373737373737374,0.590909090909091,0.474747474747475,0.353535353535354,0.474747474747475,0.424242424242424,0.191919191919192,0.0505050505050505,0.0505050505050505
"8206","HALMAHERA TIMUR",0.020685507720829,60.9173683704586,2024,36,0.00961538461538462,0,0.0576923076923077,0.105769230769231,0.230769230769231,0.00961538461538462,0.0576923076923077,0,0,0.192307692307692,0.259615384615385,0.0961538461538462,0.0384615384615385,0.990384615384615,0.971153846153846,0.0384615384615385,0.798076923076923,0.971153846153846,0.144230769230769,0.105769230769231,0.0673076923076923,0.865384615384615,0.663461538461538,0.326923076923077,0.5,0.471153846153846,0.365384615384615,0.5,0.403846153846154,0.269230769230769,0.0961538461538462,0.0961538461538462
"8207","PULAU MOROTAI",0.0119434844447069,69.3777222553024,2297,18,0.0227272727272727,0,0.102272727272727,0.0454545454545455,0.522727272727273,0.0227272727272727,0.0340909090909091,0,0.0113636363636364,0.0113636363636364,0.147727272727273,0.0681818181818182,0,1,0.988636363636364,0.0227272727272727,0.238636363636364,1,0.102272727272727,0.0909090909090909,0.0568181818181818,0.840909090909091,0.375,0.329545454545455,0.397727272727273,0.363636363636364,0.375,0.477272727272727,0.363636363636364,0.193181818181818,0.25,0.113636363636364
"8208","PULAU TALIABU",0.0203329137278441,43.7659442142009,1982,25,0.0140845070422535,0,0.0704225352112676,0.0704225352112676,0.352112676056338,0,0.0140845070422535,0.028169014084507,0.028169014084507,0,0.28169014084507,0.0704225352112676,0.0845070422535211,1,0.915492957746479,0.112676056338028,0.0845070422535211,1,0.0985915492957746,0.0563380281690141,0.028169014084507,0.690140845070423,0.535211267605634,0.225352112676056,0.352112676056338,0.309859154929577,0.408450704225352,0.47887323943662,0.492957746478873,0.183098591549296,0.0422535211267606,0.0563380281690141
"8271","TERNATE",0.00639097954776961,58.2870448545905,2287,16,0.0897435897435897,0,0.0256410256410256,0.115384615384615,0.153846153846154,0.0897435897435897,0.217948717948718,0,0.153846153846154,0.269230769230769,0.166666666666667,0.294871794871795,0.0384615384615385,1,1,0.0512820512820513,0.448717948717949,1,0.397435897435897,0.358974358974359,0.166666666666667,0.923076923076923,0.756410256410256,0.371794871794872,0.358974358974359,0.474358974358974,0.435897435897436,0.551282051282051,0.602564102564103,0.346153846153846,0.230769230769231,0.0256410256410256
"8272","TIDORE KEPULAUAN",0.00463984355094369,77.7871076944421,2202,9,0.0449438202247191,0,0.0561797752808989,0.0561797752808989,0.303370786516854,0.0112359550561798,0.0898876404494382,0,0.0674157303370786,0.629213483146067,0,0.224719101123595,0.168539325842697,1,1,0.0224719101123595,0.48314606741573,1,0.123595505617978,0.213483146067416,0.0337078651685393,0.966292134831461,0.775280898876405,0.426966292134831,0.550561797752809,0.550561797752809,0.438202247191011,0.617977528089888,0.51685393258427,0.168539325842697,0.0674157303370786,0.0337078651685393
"9101","FAKFAK",0.00267248560291599,71.15206416922,2087,4,0.00671140939597315,0,0.0671140939597315,0.0201342281879195,0.342281879194631,0.0134228187919463,0.0201342281879195,0,0,0,0.0805369127516778,0.0536912751677852,0.00671140939597315,1,0.953020134228188,0.0738255033557047,0.516778523489933,1,0.0402684563758389,0.0604026845637584,0.0268456375838926,0.48993288590604,0.422818791946309,0.268456375838926,0.315436241610738,0.25503355704698,0.0805369127516778,0.436241610738255,0.275167785234899,0.161073825503356,0.00671140939597315,0.0134228187919463
"9102","KAIMANA",0.00362317220979031,70.7785802266933,2335,16,0.0116279069767442,0,0.104651162790698,0.0348837209302326,0.686046511627907,0.0348837209302326,0.0232558139534884,0,0.0116279069767442,0,0.22093023255814,0.0348837209302326,0,0.930232558139535,0.767441860465116,0.162790697674419,0.0465116279069767,0.848837209302326,0.0930232558139535,0.0813953488372093,0.0232558139534884,0.558139534883721,0.569767441860465,0.302325581395349,0.395348837209302,0.302325581395349,0.290697674418605,0.406976744186047,0.232558139534884,0.127906976744186,0.267441860465116,0.0465116279069767
"9103","TELUK WONDAMA",0.00318096772657614,99.9389677069281,1882,12,0.012987012987013,0,0.038961038961039,0.142857142857143,0.441558441558442,0,0,0,0,0,0,0.0779220779220779,0,0.87012987012987,0.714285714285714,0.155844155844156,0.0779220779220779,0.87012987012987,0.103896103896104,0.0909090909090909,0.012987012987013,0.441558441558442,0.558441558441558,0.272727272727273,0.38961038961039,0.285714285714286,0.324675324675325,0.519480519480519,0.285714285714286,0.220779220779221,0.207792207792208,0
"9104","TELUK BINTUNI",0.0059787617647291,55.1026001866669,2323,22,0.00381679389312977,0,0.0381679389312977,0.0534351145038168,0.156488549618321,0.00763358778625954,0.0267175572519084,0,0,0.0152671755725191,0.00381679389312977,0.0381679389312977,0.00381679389312977,0.614503816793893,0.576335877862595,0.049618320610687,0.133587786259542,0.561068702290076,0.0801526717557252,0.0610687022900763,0.0114503816793893,0.301526717557252,0.301526717557252,0.0801526717557252,0.118320610687023,0.0801526717557252,0.0648854961832061,0.0877862595419847,0.0381679389312977,0.0419847328244275,0.00763358778625954,0.00763358778625954
"9105","MANOKWARI",0.00255224502356959,99.9508822095486,2148,4,0.0346820809248555,0,0.0346820809248555,0.0520231213872832,0.0982658959537572,0.0346820809248555,0.069364161849711,0.0115606936416185,0.023121387283237,0.00578034682080925,0.023121387283237,0.109826589595376,0.0289017341040462,0.953757225433526,0.907514450867052,0.069364161849711,0.144508670520231,0.861271676300578,0.046242774566474,0.0578034682080925,0.0346820809248555,0.23121387283237,0.219653179190751,0.242774566473988,0.242774566473988,0.219653179190751,0.0982658959537572,0.208092485549133,0.104046242774566,0.104046242774566,0.023121387283237,0.0404624277456647
"9111","MANOKWARI SELATAN",0.0014093420038327,100.290556935153,1897,2,0.0175438596491228,0,0.0175438596491228,0.12280701754386,0.0526315789473684,0,0.0350877192982456,0,0,0,0,0.12280701754386,0,0.859649122807018,0.842105263157895,0.0175438596491228,0.140350877192982,0.631578947368421,0.0701754385964912,0.0701754385964912,0.0526315789473684,0.403508771929825,0.403508771929825,0.12280701754386,0.350877192982456,0.298245614035088,0.228070175438596,0.245614035087719,0.105263157894737,0.12280701754386,0,0
"9112","PEGUNUNGAN ARFAK",0,NA,1880,0,0,0,0.00602409638554217,0.0481927710843374,0.0542168674698795,0,0,0,0,0,0,0,0,0.168674698795181,0.132530120481928,0.036144578313253,0.0180722891566265,0.0542168674698795,0.0421686746987952,0.00602409638554217,0,0.0783132530120482,0.0783132530120482,0.216867469879518,0.234939759036145,0.13855421686747,0.132530120481928,0.13855421686747,0.0301204819277108,0.0301204819277108,0,0.0421686746987952
"9201","RAJA AMPAT",0.00395387683697068,71.031769759452,2362,13,0.00819672131147541,0,0.0901639344262295,0.0901639344262295,0.459016393442623,0,0.0163934426229508,0,0,0.0245901639344262,0.0163934426229508,0.0245901639344262,0.00819672131147541,1,0.901639344262295,0.0983606557377049,0.0491803278688525,0.795081967213115,0.0655737704918033,0.122950819672131,0.040983606557377,0.532786885245902,0.590163934426229,0.155737704918033,0.286885245901639,0.262295081967213,0.204918032786885,0.254098360655738,0.295081967213115,0.204918032786885,0.114754098360656,0.0163934426229508
"9202","SORONG",0.00151759592784235,72.5954718691199,2155,6,0.00387596899224806,0,0.0387596899224806,0.062015503875969,0.166666666666667,0.0232558139534884,0.0310077519379845,0,0.0155038759689922,0.0193798449612403,0.135658914728682,0.0581395348837209,0,0.914728682170543,0.810077519379845,0.108527131782946,0.217054263565891,0.864341085271318,0.0348837209302326,0.0348837209302326,0.0116279069767442,0.267441860465116,0.178294573643411,0.116279069767442,0.143410852713178,0.13953488372093,0.0697674418604651,0.151162790697674,0.127906976744186,0.0426356589147287,0.0116279069767442,0.0348837209302326
"9203","SORONG SELATAN",0.00423165444041849,64.8754478800365,2928,15,0.00628930817610063,0,0.0314465408805031,0.0754716981132075,0.276729559748428,0.00628930817610063,0.0314465408805031,0,0,0.00628930817610063,0.050314465408805,0.0440251572327044,0,0.773584905660377,0.647798742138365,0.188679245283019,0.19496855345912,0.691823899371069,0.0566037735849057,0.0314465408805031,0.0125786163522013,0.40251572327044,0.421383647798742,0.19496855345912,0.213836477987421,0.182389937106918,0.0943396226415094,0.213836477987421,0.119496855345912,0.0628930817610063,0.0188679245283019,0
"9204","MAYBRAT",0.000199031425775949,100.264107217089,1490,1,0.00384615384615385,0,0.0153846153846154,0.0538461538461538,0.111538461538462,0.00384615384615385,0.00384615384615385,0,0,0,0,0.0153846153846154,0,0.515384615384615,0.4,0.192307692307692,0.05,0.488461538461538,0.0384615384615385,0.0192307692307692,0,0.261538461538462,0.342307692307692,0.0769230769230769,0.130769230769231,0.0961538461538462,0.0423076923076923,0.0769230769230769,0.0423076923076923,0.0269230769230769,0.00384615384615385,0.00384615384615385
"9205","TAMBRAUW",0.0131914929592569,52.3655754216764,1353,24,0.00462962962962963,0,0.0324074074074074,0.0324074074074074,0.037037037037037,0,0.00462962962962963,0,0,0.00462962962962963,0.00462962962962963,0.00925925925925926,0,0.680555555555556,0.509259259259259,0.175925925925926,0.0324074074074074,0.541666666666667,0.0462962962962963,0.0324074074074074,0.00462962962962963,0.171296296296296,0.106481481481481,0.0555555555555556,0.106481481481481,0.0787037037037037,0.0694444444444444,0.0648148148148148,0.0277777777777778,0.037037037037037,0.00462962962962963,0.00462962962962963
"9271","SORONG",0.0295467453619232,32.1709760965235,2505,61,0.170731707317073,0,0,0.24390243902439,0.536585365853659,0.170731707317073,0.463414634146341,0,0.170731707317073,0,0,0.658536585365854,0.0731707317073171,1,1,0,0.219512195121951,0.951219512195122,0.341463414634146,0.341463414634146,0.121951219512195,0.585365853658537,0.51219512195122,0.341463414634146,0.365853658536585,0.365853658536585,0.341463414634146,0.51219512195122,0.24390243902439,0.414634146341463,0.121951219512195,0.0975609756097561
"9403","JAYAPURA",0.00942178101604997,53.5712498011387,2111,24,0.00694444444444444,0,0.0625,0.0833333333333333,0.395833333333333,0.0555555555555556,0.0347222222222222,0.00694444444444444,0.0138888888888889,0.0138888888888889,0.0763888888888889,0.0902777777777778,0.0208333333333333,0.951388888888889,0.951388888888889,0.0763888888888889,0.25,0.736111111111111,0.0763888888888889,0.0972222222222222,0.0277777777777778,0.430555555555556,0.486111111111111,0.243055555555556,0.326388888888889,0.291666666666667,0.194444444444444,0.409722222222222,0.291666666666667,0.375,0.118055555555556,0.0486111111111111
"9408","KEPULAUAN YAPEN",0,NA,2147,0,0.00606060606060606,0,0.0848484848484849,0.0363636363636364,0.484848484848485,0,0.0424242424242424,0,0.00606060606060606,0,0,0.0787878787878788,0.00606060606060606,0.981818181818182,0.739393939393939,0.254545454545455,0.0606060606060606,0.624242424242424,0.0787878787878788,0.0484848484848485,0,0.321212121212121,0.6,0.242424242424242,0.460606060606061,0.351515151515152,0.248484848484848,0.36969696969697,0.212121212121212,0.133333333333333,0.0666666666666667,0.0363636363636364
"9409","BIAK NUMFOR",0.0269882385259411,33.019146341077,2237,63,0.011070110701107,0,0.025830258302583,0.0553505535055351,0.158671586715867,0.011070110701107,0.025830258302583,0,0.011070110701107,0.022140221402214,0.025830258302583,0.0479704797047971,0.003690036900369,1,0.988929889298893,0.0553505535055351,0.132841328413284,0.88929889298893,0.0553505535055351,0.033210332103321,0.011070110701107,0.494464944649447,0.398523985239852,0.202952029520295,0.206642066420664,0.236162361623616,0.151291512915129,0.276752767527675,0.217712177121771,0.217712177121771,0.0959409594095941,0.03690036900369
"9419","SARMI",0.00279491704803711,70.9482125436614,1760,7,0.00900900900900901,0,0.036036036036036,0.0630630630630631,0.036036036036036,0.018018018018018,0.027027027027027,0.018018018018018,0,0,0,0.045045045045045,0,0.810810810810811,0.675675675675676,0.153153153153153,0.126126126126126,0.657657657657658,0.0810810810810811,0.0720720720720721,0.027027027027027,0.27027027027027,0.396396396396396,0.351351351351351,0.333333333333333,0.252252252252252,0.126126126126126,0.288288288288288,0.0990990990990991,0.18018018018018,0.135135135135135,0.00900900900900901
"9420","KEEROM",0.00737996096497874,89.4874767935927,1791,8,0.010989010989011,0,0.120879120879121,0.032967032967033,0.296703296703297,0.010989010989011,0.021978021978022,0,0.032967032967033,0.010989010989011,0,0.032967032967033,0.0769230769230769,0.901098901098901,0.747252747252747,0.153846153846154,0.340659340659341,0.659340659340659,0.043956043956044,0.0879120879120879,0.021978021978022,0.340659340659341,0.450549450549451,0.21978021978022,0.263736263736264,0.252747252747253,0.274725274725275,0.32967032967033,0.274725274725275,0.21978021978022,0.021978021978022,0.021978021978022
"9426","WAROPEN",0.00908914716075067,66.2492363837032,2041,12,0,0,0.027027027027027,0.0630630630630631,0.18018018018018,0,0.0540540540540541,0,0.00900900900900901,0,0,0.0540540540540541,0.027027027027027,0.792792792792793,0.747747747747748,0.045045045045045,0.036036036036036,0.684684684684685,0.00900900900900901,0.036036036036036,0.018018018018018,0.261261261261261,0.495495495495495,0.243243243243243,0.333333333333333,0.18018018018018,0.162162162162162,0.405405405405405,0.162162162162162,0.18018018018018,0.162162162162162,0.00900900900900901
"9427","SUPIORI",0,NA,2151,0,0.0263157894736842,0,0.131578947368421,0,0.763157894736842,0,0,0,0,0,0,0.0263157894736842,0,1,0.868421052631579,0.131578947368421,0.157894736842105,1,0.0526315789473684,0.157894736842105,0.0789473684210526,0.789473684210526,0.789473684210526,0.184210526315789,0.368421052631579,0.289473684210526,0.210526315789474,0.447368421052632,0.263157894736842,0.289473684210526,0.210526315789474,0
"9428","MAMBERAMO RAYA",0,NA,957,0,0.0169491525423729,0,0.11864406779661,0.0847457627118644,0.542372881355932,0,0,0,0,0,0,0,0.0169491525423729,0.76271186440678,0.389830508474576,0.389830508474576,0,0.23728813559322,0.11864406779661,0.0338983050847458,0,0.288135593220339,0.491525423728814,0.0847457627118644,0.135593220338983,0.11864406779661,0.0169491525423729,0.0677966101694915,0.0169491525423729,0.0338983050847458,0.0169491525423729,0.0169491525423729
"9471","JAYAPURA",0.016760243732909,46.3704745549882,2120,30,0.205128205128205,0,0,0.358974358974359,0.461538461538462,0.179487179487179,0.564102564102564,0,0.128205128205128,0,0,0.641025641025641,0.230769230769231,1,1,0.0256410256410256,0.230769230769231,1,0.512820512820513,0.512820512820513,0.282051282051282,0.666666666666667,0.871794871794872,0.41025641025641,0.384615384615385,0.461538461538462,0.153846153846154,0.461538461538462,0.461538461538462,0.256410256410256,0.0769230769230769,0.0256410256410256
"9501","MERAUKE",0.0409117848096523,30.3343110842693,2151,75,0.0263157894736842,0,0.105263157894737,0.0368421052631579,0.652631578947368,0.0473684210526316,0.0631578947368421,0,0.0578947368421053,0.0210526315789474,0,0.0842105263157895,0.0368421052631579,1,0.942105263157895,0.0736842105263158,0.431578947368421,0.942105263157895,0.0842105263157895,0.0736842105263158,0.0263157894736842,0.663157894736842,0.447368421052632,0.273684210526316,0.326315789473684,0.289473684210526,0.284210526315789,0.305263157894737,0.352631578947368,0.184210526315789,0.0263157894736842,0.0421052631578947
"9501","MERAUKE",0.0409117848096523,30.3343110842693,2151,75,0.0178571428571429,0,0.0982142857142857,0.0803571428571429,0.1875,0.0535714285714286,0.00892857142857143,0,0.0178571428571429,0.0446428571428571,0,0.0267857142857143,0.00892857142857143,0.973214285714286,0.892857142857143,0.107142857142857,0.107142857142857,0.919642857142857,0.0892857142857143,0.0892857142857143,0.0446428571428571,0.303571428571429,0.375,0.258928571428571,0.3125,0.303571428571429,0.151785714285714,0.294642857142857,0.196428571428571,0.178571428571429,0.0267857142857143,0
"9503","MAPPI",0,NA,2354,0,0.00609756097560976,0,0.0914634146341463,0,0.26219512195122,0.00609756097560976,0.0182926829268293,0,0.0121951219512195,0.0365853658536585,0,0.024390243902439,0.00609756097560976,0.99390243902439,0.920731707317073,0.0731707317073171,0.0182926829268293,0.939024390243902,0.024390243902439,0.0365853658536585,0.00609756097560976,0.176829268292683,0.304878048780488,0.317073170731707,0.432926829268293,0.304878048780488,0.268292682926829,0.292682926829268,0.176829268292683,0.0975609756097561,0.0304878048780488,0.0182926829268293
"9504","ASMAT",0,NA,2411,0,0.00446428571428571,0,0.102678571428571,0.0133928571428571,0.258928571428571,0,0.00446428571428571,0.00446428571428571,0.00892857142857143,0,0.00446428571428571,0.0133928571428571,0,0.879464285714286,0.870535714285714,0.0446428571428571,0.00892857142857143,0.642857142857143,0.0401785714285714,0.03125,0.00446428571428571,0.272321428571429,0.258928571428571,0.366071428571429,0.34375,0.375,0.183035714285714,0.223214285714286,0.0848214285714286,0.107142857142857,0.0133928571428571,0
"9601","MIMIKA",0.0114751792937452,62.6610145461464,1934,18,0.0460526315789474,0,0.0526315789473684,0.118421052631579,0.256578947368421,0.0789473684210526,0.0855263157894737,0,0.00657894736842105,0.0197368421052632,0,0.111842105263158,0,0.888157894736842,0.763157894736842,0.223684210526316,0.111842105263158,0.467105263157895,0.0789473684210526,0.0921052631578947,0.0197368421052632,0.302631578947368,0.375,0.230263157894737,0.355263157894737,0.328947368421053,0.164473684210526,0.190789473684211,0.118421052631579,0.0921052631578947,0.0197368421052632,0.0328947368421053
"9602","DOGIYAI",0,NA,1807,0,0.0126582278481013,0,0.0126582278481013,0.126582278481013,0.126582278481013,0,0.0253164556962025,0,0,0.10126582278481,0.10126582278481,0.0126582278481013,0,0.569620253164557,0.126582278481013,0.443037974683544,0.0126582278481013,0.455696202531646,0.0253164556962025,0.0379746835443038,0.0253164556962025,0.455696202531646,0.468354430379747,0.683544303797468,0.645569620253165,0.40506329113924,0.253164556962025,0.151898734177215,0.0506329113924051,0.10126582278481,0,0.0379746835443038
"9603","DEIYAI",0,NA,1687,0,0.0149253731343284,0,0,0.0746268656716418,0.0895522388059701,0,0,0,0,0,0,0,0.0149253731343284,0.149253731343284,0.119402985074627,0.0746268656716418,0.0597014925373134,0.0298507462686567,0.0447761194029851,0.0447761194029851,0.0746268656716418,0.223880597014925,0.194029850746269,0.298507462686567,0.432835820895522,0.313432835820896,0.208955223880597,0.208955223880597,0.17910447761194,0.194029850746269,0.17910447761194,0.17910447761194
"9604","NABIRE",0.0199765254951095,38.4635814051703,2032,44,0.0112359550561798,0,0.0561797752808989,0.292134831460674,0.460674157303371,0.0898876404494382,0.0898876404494382,0,0.112359550561798,0.0786516853932584,0.0224719101123595,0.179775280898876,0.0449438202247191,0.820224719101124,0.752808988764045,0.101123595505618,0.528089887640449,0.719101123595506,0.157303370786517,0.179775280898876,0.0674157303370786,0.595505617977528,0.573033707865168,0.213483146067416,0.224719101123595,0.258426966292135,0.191011235955056,0.179775280898876,0.235955056179775,0.224719101123595,0.0674157303370786,0.0449438202247191
"9605","PANIAI",0,NA,1609,0,0.00462962962962963,0,0,0.0555555555555556,0.0601851851851852,0.0138888888888889,0.0138888888888889,0,0,0.00925925925925926,0,0.037037037037037,0.00462962962962963,0.138888888888889,0.138888888888889,0.0648148148148148,0.0787037037037037,0,0.0185185185185185,0.00925925925925926,0.0416666666666667,0.222222222222222,0.24537037037037,0.226851851851852,0.24537037037037,0.166666666666667,0.12037037037037,0.166666666666667,0.157407407407407,0.0972222222222222,0.0787037037037037,0.087962962962963
"9606","INTAN JAYA",0,NA,1795,0,0.0103092783505155,0,0.0103092783505155,0.0103092783505155,0.0206185567010309,0.0103092783505155,0,0,0,0,0,0,0,0.103092783505155,0.0515463917525773,0.0515463917525773,0.0927835051546392,0,0.0103092783505155,0.0206185567010309,0.0824742268041237,0.164948453608247,0.247422680412371,0.474226804123711,0.701030927835051,0.639175257731959,0.34020618556701,0.278350515463918,0.237113402061856,0.22680412371134,0.195876288659794,0.195876288659794
"9607","PUNCAK",0,NA,1726,0,0,0,0.0194174757281553,0.0339805825242718,0.0922330097087379,0,0,0,0,0,0,0,0,0.0145631067961165,0,0.0145631067961165,0,0.00970873786407767,0.00970873786407767,0.00970873786407767,0,0.00485436893203883,0.00970873786407767,0.0145631067961165,0.0242718446601942,0.029126213592233,0.00485436893203883,0.0194174757281553,0.0194174757281553,0,0,0.00485436893203883
"9608","PUNCAK JAYA",0,NA,1457,0,0.00662251655629139,0,0.00993377483443709,0.00662251655629139,0.0596026490066225,0,0,0,0,0,0,0.00993377483443709,0,0.16887417218543,0.0695364238410596,0.102649006622517,0.00662251655629139,0.0695364238410596,0.00993377483443709,0.0198675496688742,0.0033112582781457,0.00993377483443709,0.0496688741721854,0.0132450331125828,0,0.00662251655629139,0.00662251655629139,0.0033112582781457,0.0033112582781457,0.0033112582781457,0.0033112582781457,0
"9701","NDUGA",0,NA,1661,0,0.00403225806451613,0,0.0120967741935484,0.0564516129032258,0.0564516129032258,0.0120967741935484,0,0,0,0.00403225806451613,0.00403225806451613,0,0,0.0564516129032258,0.0201612903225806,0.0443548387096774,0,0.0161290322580645,0.0443548387096774,0.0120967741935484,0,0.0524193548387097,0.104838709677419,0.0201612903225806,0.0443548387096774,0.0241935483870968,0.0201612903225806,0.0241935483870968,0.032258064516129,0.00403225806451613,0,0
"9702","JAYAWIJAYA",0,NA,1730,0,0.00602409638554217,0,0.00602409638554217,0.072289156626506,0.0843373493975904,0.0120481927710843,0.00301204819277108,0,0,0.0451807228915663,0.0542168674698795,0.0120481927710843,0,0.66566265060241,0.55421686746988,0.117469879518072,0.0120481927710843,0.174698795180723,0.0210843373493976,0.0120481927710843,0.00301204819277108,0.192771084337349,0.123493975903614,0.292168674698795,0.27710843373494,0.216867469879518,0.159638554216867,0.153614457831325,0.117469879518072,0.0512048192771084,0.0180722891566265,0.0331325301204819
"9703","LANNY JAYA",0,NA,1375,0,0.0028169014084507,0,0.00845070422535211,0.0225352112676056,0.0535211267605634,0.0028169014084507,0,0,0,0.00563380281690141,0.00563380281690141,0,0,0.388732394366197,0.0253521126760563,0.363380281690141,0.00563380281690141,0.00563380281690141,0.0140845070422535,0.0112676056338028,0.0028169014084507,0.143661971830986,0.183098591549296,0.16056338028169,0.197183098591549,0.0253521126760563,0.0112676056338028,0.0422535211267606,0.028169014084507,0.0112676056338028,0.0028169014084507,0
"9704","TOLIKARA",0.00422266551785457,99.7677538960482,1949,3,0.0018348623853211,0,0.0146788990825688,0.0238532110091743,0.0458715596330275,0.0018348623853211,0,0,0,0,0,0.0018348623853211,0,0.273394495412844,0.256880733944954,0.0201834862385321,0.0605504587155963,0.0458715596330275,0.0128440366972477,0.00917431192660551,0.0055045871559633,0.0605504587155963,0.102752293577982,0.0220183486238532,0.0587155963302752,0.0532110091743119,0.0385321100917431,0.0018348623853211,0.0128440366972477,0.00917431192660551,0,0.0018348623853211
"9705","MAMBERAMO TENGAH",0,NA,1864,0,0.0169491525423729,0,0.0508474576271186,0.0677966101694915,0.322033898305085,0.0169491525423729,0,0,0,0,0.0847457627118644,0,0,0.661016949152542,0.491525423728814,0.169491525423729,0.0169491525423729,0.0338983050847458,0.0169491525423729,0.0338983050847458,0,0.203389830508475,0.322033898305085,0.0677966101694915,0.0508474576271186,0.0169491525423729,0,0.0677966101694915,0.0169491525423729,0,0,0
"9706","YALIMO",0,NA,1251,0,0.00333333333333333,0,0.0133333333333333,0,0.0633333333333333,0,0,0,0,0.00666666666666667,0.00666666666666667,0,0,0.256666666666667,0.15,0.12,0.00666666666666667,0,0.00333333333333333,0.01,0,0.0266666666666667,0.04,0.0133333333333333,0.00333333333333333,0.0133333333333333,0,0.00333333333333333,0,0.00333333333333333,0.00333333333333333,0.01
"9707","YAHUKIMO",0,NA,2199,0,0.00193050193050193,0,0.0231660231660232,0.0463320463320463,0.202702702702703,0.00386100386100386,0.00193050193050193,0,0,0.0540540540540541,0.0386100386100386,0.00193050193050193,0,0.17953667953668,0.1003861003861,0.0791505791505791,0,0.0579150579150579,0.00965250965250965,0.00965250965250965,0.00386100386100386,0.0366795366795367,0.306949806949807,0.0868725868725869,0.129343629343629,0.055984555984556,0.027027027027027,0.0366795366795367,0.0424710424710425,0.0193050193050193,0,0.00965250965250965
"9708","PEGUNUNGAN BINTANG",0.000786381126311499,100.145443464241,1991,4,0.0036101083032491,0,0.0108303249097473,0.0938628158844765,0.0613718411552347,0,0,0.0036101083032491,0,0,0,0.0072202166064982,0,0.40072202166065,0.227436823104693,0.176895306859206,0.0144404332129964,0.0830324909747292,0.0288808664259928,0.0216606498194946,0.0144404332129964,0.129963898916967,0.15884476534296,0.274368231046931,0.270758122743682,0.166064981949458,0.0866425992779783,0.144404332129964,0.0505415162454874,0.0144404332129964,0.0036101083032491,0
